CREATE DATABASE  IF NOT EXISTS `vertera` /*!40100 DEFAULT CHARACTER SET utf8mb4 COLLATE utf8mb4_0900_ai_ci */ /*!80016 DEFAULT ENCRYPTION='N' */;
USE `vertera`;
-- MySQL dump 10.13  Distrib 8.0.34, for Win64 (x86_64)
--
-- Host: localhost    Database: vertera
-- ------------------------------------------------------
-- Server version	8.0.35

/*!40101 SET @OLD_CHARACTER_SET_CLIENT=@@CHARACTER_SET_CLIENT */;
/*!40101 SET @OLD_CHARACTER_SET_RESULTS=@@CHARACTER_SET_RESULTS */;
/*!40101 SET @OLD_COLLATION_CONNECTION=@@COLLATION_CONNECTION */;
/*!50503 SET NAMES utf8 */;
/*!40103 SET @OLD_TIME_ZONE=@@TIME_ZONE */;
/*!40103 SET TIME_ZONE='+00:00' */;
/*!40014 SET @OLD_UNIQUE_CHECKS=@@UNIQUE_CHECKS, UNIQUE_CHECKS=0 */;
/*!40014 SET @OLD_FOREIGN_KEY_CHECKS=@@FOREIGN_KEY_CHECKS, FOREIGN_KEY_CHECKS=0 */;
/*!40101 SET @OLD_SQL_MODE=@@SQL_MODE, SQL_MODE='NO_AUTO_VALUE_ON_ZERO' */;
/*!40111 SET @OLD_SQL_NOTES=@@SQL_NOTES, SQL_NOTES=0 */;

--
-- Table structure for table `attachments`
--

DROP TABLE IF EXISTS `attachments`;
/*!40101 SET @saved_cs_client     = @@character_set_client */;
/*!50503 SET character_set_client = utf8mb4 */;
CREATE TABLE `attachments` (
  `id` int unsigned NOT NULL AUTO_INCREMENT,
  `messageId` int unsigned NOT NULL,
  `path` varchar(255) NOT NULL,
  PRIMARY KEY (`id`),
  KEY `cbvc_idx` (`messageId`),
  CONSTRAINT `AttachToMsgFK` FOREIGN KEY (`messageId`) REFERENCES `messages` (`id`) ON DELETE CASCADE
) ENGINE=InnoDB AUTO_INCREMENT=129 DEFAULT CHARSET=utf8mb4 COLLATE=utf8mb4_0900_ai_ci;
/*!40101 SET character_set_client = @saved_cs_client */;

--
-- Dumping data for table `attachments`
--

LOCK TABLES `attachments` WRITE;
/*!40000 ALTER TABLE `attachments` DISABLE KEYS */;
INSERT INTO `attachments` VALUES (108,249,'/files/2024-04-09/43c2dd76e96b7c3fb9938d75f18c14f8.png'),(109,249,'/files/2024-04-09/e492bff94319875e840b07a680041dd1.jpg'),(110,252,'/files/2024-04-09/43c2dd76e96b7c3fb9938d75f18c14f8.png'),(111,255,'/files/2024-04-09/e492bff94319875e840b07a680041dd1.jpg'),(112,257,'/files/2024-04-09/43c2dd76e96b7c3fb9938d75f18c14f8.png'),(113,264,'/files/2024-04-09/518abcb94e3b39d8de3fbb6bf8eb5dab.jpg'),(114,265,'/files/2024-04-09/c29f4209e70b5abf74a3ea878fed22fb.jpg'),(115,266,'/files/2024-04-09/c29f4209e70b5abf74a3ea878fed22fb.jpg'),(116,270,'/files/2024-04-09/d2f0efedd2523e6a80e7c4802df55744.pdf'),(117,271,'/files/2024-04-09/d2f0efedd2523e6a80e7c4802df55744.pdf'),(118,275,'/files/2024-04-09/43c2dd76e96b7c3fb9938d75f18c14f8.png'),(119,275,'/files/2024-04-09/eebe4fb44cdd8462a102d30dac11022f.png'),(121,294,'/files/2024-04-09/43c2dd76e96b7c3fb9938d75f18c14f8.png'),(124,319,'/files/2024-04-11/93f2b83651d32f0053292cdcfae479ae.jpg'),(125,319,'/files/2024-04-11/45decca65f55ea3e5d3a5b551e5e3f32.jpg'),(126,350,'/files/2024-05-02/20d7035595bf2ccec8f7faeb267b0fb2.webp'),(127,354,'/files/2024-05-02/65067c0f2b06983011a55f1230d0caaf.jpg'),(128,354,'/files/2024-05-02/65067c0f2b06983011a55f1230d0caaf.jpg');
/*!40000 ALTER TABLE `attachments` ENABLE KEYS */;
UNLOCK TABLES;

--
-- Table structure for table `clients`
--

DROP TABLE IF EXISTS `clients`;
/*!40101 SET @saved_cs_client     = @@character_set_client */;
/*!50503 SET character_set_client = utf8mb4 */;
CREATE TABLE `clients` (
  `id` int unsigned NOT NULL,
  `idRef` int NOT NULL DEFAULT '0',
  PRIMARY KEY (`id`),
  CONSTRAINT `ClientToUserFK` FOREIGN KEY (`id`) REFERENCES `users` (`id`) ON DELETE CASCADE
) ENGINE=InnoDB DEFAULT CHARSET=utf8mb4 COLLATE=utf8mb4_0900_ai_ci;
/*!40101 SET character_set_client = @saved_cs_client */;

--
-- Dumping data for table `clients`
--

LOCK TABLES `clients` WRITE;
/*!40000 ALTER TABLE `clients` DISABLE KEYS */;
INSERT INTO `clients` VALUES (77,1),(79,100),(80,999),(102,407812),(103,258559),(104,88888);
/*!40000 ALTER TABLE `clients` ENABLE KEYS */;
UNLOCK TABLES;

--
-- Table structure for table `countries`
--

DROP TABLE IF EXISTS `countries`;
/*!40101 SET @saved_cs_client     = @@character_set_client */;
/*!50503 SET character_set_client = utf8mb4 */;
CREATE TABLE `countries` (
  `id` int NOT NULL AUTO_INCREMENT,
  `nameCode` varchar(512) NOT NULL,
  `code` varchar(45) NOT NULL,
  `isActive` tinyint NOT NULL DEFAULT '1',
  PRIMARY KEY (`id`),
  KEY `CountryToTranslationFK_idx` (`nameCode`),
  CONSTRAINT `CountryToTranslationFK` FOREIGN KEY (`nameCode`) REFERENCES `translations` (`code`) ON UPDATE CASCADE
) ENGINE=InnoDB AUTO_INCREMENT=11 DEFAULT CHARSET=utf8mb4 COLLATE=utf8mb4_0900_ai_ci;
/*!40101 SET character_set_client = @saved_cs_client */;

--
-- Dumping data for table `countries`
--

LOCK TABLES `countries` WRITE;
/*!40000 ALTER TABLE `countries` DISABLE KEYS */;
INSERT INTO `countries` VALUES (1,'COUNTRY_DA68DD4FBC33438825D655343295525C','RU',1),(2,'COUNTRY_7B880D1109031A03655B66ACD0C780FD','EN',1),(3,'COUNTRY_5D68AC73CB08553D8DF7A4D1B4DC97A7','ES',1),(4,'COUNTRY_6D095FF6963E42901E8DB74D905548A3','CS',1),(5,'COUNTRY_CD8019F57C74BDD3556858914C505ED5','BG',1),(6,'COUNTRY_875JWBF57C74BDD3556858914C505ED5','DE',1),(7,'COUNTRY_G32BYQF57C74BDD3556858914C505ED5','HU',1),(8,'COUNTRY_PER65NF57C74BDD3556858914C505ED5','KZ',1),(10,'COUNTRY_861D144FE23C679955458AC9EAC30F4C','123',0);
/*!40000 ALTER TABLE `countries` ENABLE KEYS */;
UNLOCK TABLES;

--
-- Table structure for table `countries_langs`
--

DROP TABLE IF EXISTS `countries_langs`;
/*!40101 SET @saved_cs_client     = @@character_set_client */;
/*!50503 SET character_set_client = utf8mb4 */;
CREATE TABLE `countries_langs` (
  `countryId` int NOT NULL,
  `langId` int NOT NULL,
  PRIMARY KEY (`countryId`,`langId`),
  KEY `LangToCountryFK_idx` (`langId`),
  CONSTRAINT `CountryToLangFK` FOREIGN KEY (`countryId`) REFERENCES `countries` (`id`) ON DELETE CASCADE,
  CONSTRAINT `LangToCountryFK` FOREIGN KEY (`langId`) REFERENCES `langs` (`id`) ON DELETE CASCADE
) ENGINE=InnoDB DEFAULT CHARSET=utf8mb4 COLLATE=utf8mb4_0900_ai_ci;
/*!40101 SET character_set_client = @saved_cs_client */;

--
-- Dumping data for table `countries_langs`
--

LOCK TABLES `countries_langs` WRITE;
/*!40000 ALTER TABLE `countries_langs` DISABLE KEYS */;
INSERT INTO `countries_langs` VALUES (1,1),(10,1),(2,2),(10,2),(3,3),(4,4),(5,5),(6,6),(7,7),(8,8);
/*!40000 ALTER TABLE `countries_langs` ENABLE KEYS */;
UNLOCK TABLES;

--
-- Table structure for table `departments`
--

DROP TABLE IF EXISTS `departments`;
/*!40101 SET @saved_cs_client     = @@character_set_client */;
/*!50503 SET character_set_client = utf8mb4 */;
CREATE TABLE `departments` (
  `id` int NOT NULL AUTO_INCREMENT,
  `nameCode` varchar(512) NOT NULL,
  `individual` tinyint NOT NULL DEFAULT '0',
  PRIMARY KEY (`id`),
  UNIQUE KEY `name_UNIQUE` (`nameCode`),
  CONSTRAINT `DepartmentToTranslationFK` FOREIGN KEY (`nameCode`) REFERENCES `translations` (`code`) ON UPDATE CASCADE
) ENGINE=InnoDB AUTO_INCREMENT=19 DEFAULT CHARSET=utf8mb4 COLLATE=utf8mb4_0900_ai_ci;
/*!40101 SET character_set_client = @saved_cs_client */;

--
-- Dumping data for table `departments`
--

LOCK TABLES `departments` WRITE;
/*!40000 ALTER TABLE `departments` DISABLE KEYS */;
INSERT INTO `departments` VALUES (8,'DEPARTMENT_C408D1E2F8423D64B6B1C0524FECB1D5',0),(9,'DEPARTMENT_A9595A0F090FD8A61900D88AA3217048',0),(10,'DEPARTMENT_9DCB261295F636047F0E93F3C0FE8364',0),(11,'DEPARTMENT_6ECF6658748B108418151C05779F35E3',0),(12,'DEPARTMENT_E1196EB449BBC2873930D7EE7FDF817C',0),(13,'DEPARTMENT_1B62195A641606FFA6B422E38D4BDA49',0),(14,'DEPARTMENT_243A1D6E04646079B4FC6900409AF033',0),(15,'DEPARTMENT_BAD1F8E6B9F018E2555E8E9E16B63D1B',0),(16,'DEPARTMENT_DF9CC9F859ECBAC6812E10D456B741EE',0),(17,'DEPARTMENT_BB57DF444C56488604225730E935593A',0),(18,'DEPARTMENT_16A6D8BF4C03DBC408DE155522EB21AC',0);
/*!40000 ALTER TABLE `departments` ENABLE KEYS */;
UNLOCK TABLES;

--
-- Table structure for table `helper_departments`
--

DROP TABLE IF EXISTS `helper_departments`;
/*!40101 SET @saved_cs_client     = @@character_set_client */;
/*!50503 SET character_set_client = utf8mb4 */;
CREATE TABLE `helper_departments` (
  `id` int unsigned NOT NULL AUTO_INCREMENT,
  `helperId` int unsigned NOT NULL,
  `departmentId` int NOT NULL,
  PRIMARY KEY (`id`),
  KEY `DepartmentToHelperFK_idx` (`helperId`),
  KEY `HelperToDepartmentFK_idx` (`departmentId`),
  CONSTRAINT `DepartmentToHelperFK` FOREIGN KEY (`departmentId`) REFERENCES `departments` (`id`) ON DELETE CASCADE,
  CONSTRAINT `HelperToDepartmentFK` FOREIGN KEY (`helperId`) REFERENCES `helpers` (`id`) ON DELETE CASCADE
) ENGINE=InnoDB AUTO_INCREMENT=91 DEFAULT CHARSET=utf8mb4 COLLATE=utf8mb4_0900_ai_ci;
/*!40101 SET character_set_client = @saved_cs_client */;

--
-- Dumping data for table `helper_departments`
--

LOCK TABLES `helper_departments` WRITE;
/*!40000 ALTER TABLE `helper_departments` DISABLE KEYS */;
INSERT INTO `helper_departments` VALUES (27,67,8),(28,68,9),(29,69,10),(56,73,14),(57,70,11),(63,82,12),(64,82,11),(65,81,10),(66,81,11),(67,71,12),(68,75,16),(69,76,17),(70,72,13),(71,74,15),(72,83,18),(73,84,18),(74,85,18),(75,86,18),(76,87,18),(77,88,18),(78,89,18),(79,90,18),(80,91,18),(81,92,18),(82,93,18),(83,94,18),(84,95,18),(85,96,18),(86,97,18),(87,98,18),(88,99,18),(89,101,9),(90,66,18);
/*!40000 ALTER TABLE `helper_departments` ENABLE KEYS */;
UNLOCK TABLES;

--
-- Table structure for table `helper_job_titles`
--

DROP TABLE IF EXISTS `helper_job_titles`;
/*!40101 SET @saved_cs_client     = @@character_set_client */;
/*!50503 SET character_set_client = utf8mb4 */;
CREATE TABLE `helper_job_titles` (
  `id` int NOT NULL AUTO_INCREMENT,
  `nameCode` varchar(512) NOT NULL,
  PRIMARY KEY (`id`),
  KEY `JobTitleToTranslationFK_idx` (`nameCode`),
  CONSTRAINT `JobTitleToTranslationFK` FOREIGN KEY (`nameCode`) REFERENCES `translations` (`code`) ON UPDATE CASCADE
) ENGINE=InnoDB AUTO_INCREMENT=6 DEFAULT CHARSET=utf8mb4 COLLATE=utf8mb4_0900_ai_ci;
/*!40101 SET character_set_client = @saved_cs_client */;

--
-- Dumping data for table `helper_job_titles`
--

LOCK TABLES `helper_job_titles` WRITE;
/*!40000 ALTER TABLE `helper_job_titles` DISABLE KEYS */;
INSERT INTO `helper_job_titles` VALUES (1,'JOBTITLE_018D3A9B770D07CB1522BFBC49C17CAF'),(2,'JOBTITLE_D5D256B6C64C7A6C438CCF90FD624B7F');
/*!40000 ALTER TABLE `helper_job_titles` ENABLE KEYS */;
UNLOCK TABLES;

--
-- Table structure for table `helper_permissions`
--

DROP TABLE IF EXISTS `helper_permissions`;
/*!40101 SET @saved_cs_client     = @@character_set_client */;
/*!50503 SET character_set_client = utf8mb4 */;
CREATE TABLE `helper_permissions` (
  `helperId` int unsigned NOT NULL,
  `sendMsg` tinyint NOT NULL DEFAULT '1',
  `helperEdit` tinyint NOT NULL DEFAULT '0',
  `themeEdit` tinyint NOT NULL DEFAULT '0',
  `translationEdit` tinyint NOT NULL DEFAULT '0',
  PRIMARY KEY (`helperId`),
  CONSTRAINT `HelperPermToHelperFK` FOREIGN KEY (`helperId`) REFERENCES `helpers` (`id`) ON DELETE CASCADE
) ENGINE=InnoDB DEFAULT CHARSET=utf8mb4 COLLATE=utf8mb4_0900_ai_ci;
/*!40101 SET character_set_client = @saved_cs_client */;

--
-- Dumping data for table `helper_permissions`
--

LOCK TABLES `helper_permissions` WRITE;
/*!40000 ALTER TABLE `helper_permissions` DISABLE KEYS */;
INSERT INTO `helper_permissions` VALUES (0,1,1,1,1),(66,1,1,1,1),(67,1,0,0,0),(68,1,0,0,0),(69,1,0,0,0),(70,1,1,1,0),(71,1,1,1,0),(72,1,1,1,0),(73,1,1,1,0),(74,1,1,1,0),(75,1,1,1,0),(76,1,1,1,0),(81,0,0,0,0),(82,0,0,0,0),(83,1,0,0,0),(84,1,0,0,0),(85,1,0,0,0),(86,1,0,0,0),(87,1,0,0,0),(88,1,0,0,0),(89,1,0,0,0),(90,1,0,0,0),(91,1,0,0,0),(92,1,0,0,0),(93,1,0,0,0),(94,1,0,0,0),(95,1,0,0,0),(96,1,0,0,0),(97,1,0,0,0),(98,1,0,0,0),(99,1,0,0,0),(101,1,0,0,0);
/*!40000 ALTER TABLE `helper_permissions` ENABLE KEYS */;
UNLOCK TABLES;

--
-- Table structure for table `helpers`
--

DROP TABLE IF EXISTS `helpers`;
/*!40101 SET @saved_cs_client     = @@character_set_client */;
/*!50503 SET character_set_client = utf8mb4 */;
CREATE TABLE `helpers` (
  `id` int unsigned NOT NULL,
  `jobTitleId` int NOT NULL,
  `startWorkDate` date DEFAULT NULL,
  `birthday` date DEFAULT NULL,
  PRIMARY KEY (`id`),
  CONSTRAINT `HelperToUserFK` FOREIGN KEY (`id`) REFERENCES `users` (`id`) ON DELETE CASCADE
) ENGINE=InnoDB DEFAULT CHARSET=utf8mb4 COLLATE=utf8mb4_0900_ai_ci;
/*!40101 SET character_set_client = @saved_cs_client */;

--
-- Dumping data for table `helpers`
--

LOCK TABLES `helpers` WRITE;
/*!40000 ALTER TABLE `helpers` DISABLE KEYS */;
INSERT INTO `helpers` VALUES (0,1,'2023-09-17','2023-09-17'),(66,1,'2024-04-09','1990-08-21'),(67,2,'2024-04-09','2000-01-02'),(68,2,'2024-04-09','2000-06-05'),(69,2,'2024-04-09','2000-08-26'),(70,2,'2024-04-09','2000-10-10'),(71,2,'2024-04-09','2000-06-02'),(72,2,'2024-04-09','2000-12-13'),(73,2,'2024-04-09','2000-11-17'),(74,2,'2024-04-09','2000-10-14'),(75,1,'2024-04-09','2000-11-26'),(76,2,'2024-04-09','2000-04-08'),(81,2,'2024-04-09','2024-03-31'),(82,2,'2024-04-09','2024-03-31'),(83,2,'2024-04-10','2000-10-11'),(84,2,'2024-04-10','2000-11-27'),(85,2,'2024-04-10','2000-05-10'),(86,2,'2024-04-10','2000-12-10'),(87,2,'2024-04-10','1111-11-11'),(88,2,'2024-04-10','1111-11-11'),(89,2,'2024-04-10','1111-11-11'),(90,2,'2024-04-10','1111-11-11'),(91,2,'2024-04-10','1111-11-11'),(92,2,'2024-04-10','1111-11-11'),(93,2,'2024-04-10','1111-11-11'),(94,2,'2024-04-10','1111-11-11'),(95,2,'2024-04-10','1111-11-11'),(96,2,'2024-04-10','1111-11-11'),(97,2,'2024-04-10','1111-11-11'),(98,2,'2024-04-10','1111-11-11'),(99,2,'2024-04-10','1111-11-11'),(101,2,'2024-04-11','1111-11-11');
/*!40000 ALTER TABLE `helpers` ENABLE KEYS */;
UNLOCK TABLES;

--
-- Table structure for table `langs`
--

DROP TABLE IF EXISTS `langs`;
/*!40101 SET @saved_cs_client     = @@character_set_client */;
/*!50503 SET character_set_client = utf8mb4 */;
CREATE TABLE `langs` (
  `id` int NOT NULL AUTO_INCREMENT,
  `name` varchar(512) NOT NULL,
  `code` varchar(45) NOT NULL,
  `isActive` tinyint NOT NULL DEFAULT '1',
  PRIMARY KEY (`id`),
  UNIQUE KEY `name_UNIQUE` (`name`),
  UNIQUE KEY `code_UNIQUE` (`code`)
) ENGINE=InnoDB AUTO_INCREMENT=17 DEFAULT CHARSET=utf8mb4 COLLATE=utf8mb4_0900_ai_ci;
/*!40101 SET character_set_client = @saved_cs_client */;

--
-- Dumping data for table `langs`
--

LOCK TABLES `langs` WRITE;
/*!40000 ALTER TABLE `langs` DISABLE KEYS */;
INSERT INTO `langs` VALUES (1,'Русский','RU',1),(2,'English','EN',1),(3,'Español','ES',1),(4,'Čeština','CS',1),(5,'Български','BG',1),(6,'Deutsch','DE',1),(7,'Magyar','HU',1),(8,'Қазақша','KK',1),(11,'Türkmenler','TM',1),(12,'Azərbaycan','AZ',1),(13,'Română','RO',1),(14,'Türk','TR',1),(15,'Tiếng Việt','VN',1),(16,'Монгол','MN',1);
/*!40000 ALTER TABLE `langs` ENABLE KEYS */;
UNLOCK TABLES;

--
-- Table structure for table `messages`
--

DROP TABLE IF EXISTS `messages`;
/*!40101 SET @saved_cs_client     = @@character_set_client */;
/*!50503 SET character_set_client = utf8mb4 */;
CREATE TABLE `messages` (
  `id` int unsigned NOT NULL AUTO_INCREMENT,
  `senderId` int unsigned NOT NULL,
  `recieverId` int unsigned NOT NULL,
  `ticketId` int unsigned NOT NULL,
  `type` varchar(255) NOT NULL,
  `readed` tinyint(1) NOT NULL,
  `text` text NOT NULL,
  `date` datetime NOT NULL,
  `visibility` tinyint NOT NULL DEFAULT '1',
  `isActive` tinyint NOT NULL DEFAULT '1',
  PRIMARY KEY (`id`),
  KEY `MsgToTicketFK_idx` (`ticketId`),
  FULLTEXT KEY `TextSearch_idx` (`text`),
  CONSTRAINT `MsgToTicketFK` FOREIGN KEY (`ticketId`) REFERENCES `tickets` (`id`) ON DELETE CASCADE
) ENGINE=InnoDB AUTO_INCREMENT=394 DEFAULT CHARSET=utf8mb4 COLLATE=utf8mb4_0900_ai_ci;
/*!40101 SET character_set_client = @saved_cs_client */;

--
-- Dumping data for table `messages`
--

LOCK TABLES `messages` WRITE;
/*!40000 ALTER TABLE `messages` DISABLE KEYS */;
INSERT INTO `messages` VALUES (249,77,75,89,'common',0,'<p>Как дела?</p>\n','2024-04-09 14:09:23',1,1),(250,71,77,89,'common',0,'<p>Не могу</p>\n','2024-04-09 14:17:51',1,1),(251,71,77,89,'common',0,'<p></p>\n','2024-04-09 14:18:05',1,1),(252,77,73,90,'common',0,'<p>Да, да, здрасьте</p>\n','2024-04-09 14:20:41',1,1),(253,73,77,90,'common',0,'<p>Добрый день!<br><br>Холодильник.</p>\n<p></p>\n<p></p>\n','2024-04-09 14:25:32',1,1),(254,73,77,90,'common',0,'<p></p>\n','2024-04-09 14:25:53',1,1),(255,77,75,91,'common',0,'<p>Много денег</p>\n','2024-04-09 14:34:39',1,1),(256,77,73,92,'common',0,'<p>дадите?</p>\n','2024-04-09 14:42:17',1,1),(257,77,76,93,'common',0,'<p>ты где?</p>\n','2024-04-09 14:43:23',1,1),(258,0,77,91,'system',0,'Обращение разделено на 2 новых','2024-04-09 14:52:24',1,1),(261,0,77,95,'system',0,'Обращение создано разделением','2024-04-09 14:52:24',1,1),(262,77,71,95,'common',0,'<p>2вввввв</p>\n','2024-04-09 14:52:24',1,1),(264,79,74,97,'common',0,'<p>Здрасьте!!!</p>\n<p>Мой ID 227003, я работаю уже с 26.06.2018 г.!!!! Почему нет денег на счету?!</p>\n','2024-04-09 15:20:05',1,1),(265,74,79,97,'common',0,'<p>Денег нет, но вы держитесь! ?</p>\n','2024-04-09 15:22:31',1,1),(266,74,79,97,'common',0,'<p></p>\n','2024-04-09 15:22:35',1,1),(267,76,77,93,'common',0,'<p>тут</p>\n','2024-04-09 15:24:10',1,1),(268,74,77,93,'common',0,'<p>нигде</p>\n','2024-04-09 15:27:59',1,1),(269,74,77,93,'common',0,'<p></p>\n','2024-04-09 15:28:02',1,1),(270,71,77,95,'common',0,'<p>Бе-бе-бе</p>\n','2024-04-09 16:11:34',1,1),(271,71,77,95,'common',0,'<p></p>\n','2024-04-09 16:11:36',1,1),(272,75,77,92,'common',0,'<p>Добрый день, хорошо ?</p>\n','2024-04-09 16:11:49',2,1),(273,75,77,92,'common',0,'<p></p>\n','2024-04-09 16:16:15',1,1),(275,77,73,98,'common',0,'<p>Привет, дел нет</p>\n<p>у вас вчё хорошо? ?</p>\n<p>вы нормальные? ?</p>\n','2024-04-09 16:19:02',1,1),(276,77,73,98,'common',0,'<p>ручка</p>\n','2024-04-09 16:21:28',1,1),(277,77,73,98,'common',0,'<p>ручка</p>\n<p>яблоко</p>\n<p>арбуз</p>\n','2024-04-09 16:21:50',1,1),(278,0,77,98,'common',0,'<p></p>\n','2024-04-09 16:22:58',1,1),(294,77,70,101,'common',0,'<p>Нету товара срочно</p>\n','2024-04-09 16:49:43',1,1),(295,0,77,101,'system',0,'Обращение разделено на 2 новых','2024-04-09 16:53:23',1,1),(296,0,77,102,'system',0,'Обращение создано разделением','2024-04-09 16:53:23',1,1),(297,77,73,102,'common',0,'<p>Как&nbsp;</p>\n','2024-04-09 16:53:23',1,1),(298,0,77,103,'system',0,'Обращение создано разделением','2024-04-09 16:53:23',1,1),(299,77,75,103,'common',0,'<p>Интересует качество продукта</p>\n','2024-04-09 16:53:23',1,1),(300,0,77,103,'system',0,'Обращение разделено на 2 новых','2024-04-09 16:56:04',1,1),(301,0,77,104,'system',0,'Обращение создано разделением','2024-04-09 16:56:04',1,1),(302,77,71,104,'common',0,'<p>Как списать продукт</p>\n','2024-04-09 16:56:04',1,1),(303,0,77,105,'system',0,'Обращение создано разделением','2024-04-09 16:56:04',1,1),(304,77,71,105,'common',0,'<p>Изменить данные ЦО</p>\n','2024-04-09 16:56:04',1,1),(305,70,77,102,'common',0,'<p>Подскажи как это сделать</p>\n','2024-04-09 17:02:55',2,1),(306,71,77,102,'common',0,'<p>Никак</p>\n','2024-04-09 17:04:28',2,1),(307,70,77,102,'common',0,'<p>Спасибо</p>\n','2024-04-09 17:05:03',2,1),(308,71,77,102,'common',0,'<p>пока</p>\n','2024-04-09 17:05:42',2,1),(309,70,77,102,'common',0,'<p>Все решено, благодарим за обращение</p>\n','2024-04-09 17:07:06',1,1),(310,70,77,102,'common',0,'<p></p>\n','2024-04-09 17:07:12',1,1),(317,77,75,107,'common',0,'<p>где контроль? как дела?</p>\n','2024-04-10 14:12:28',1,1),(318,0,77,107,'common',0,'<p></p>\n','2024-04-10 14:15:22',1,0),(319,77,67,108,'common',0,'<p>аааааааааааааааааааааа?</p>\n','2024-04-11 12:29:30',1,1),(320,77,67,108,'common',0,'<p>ммммм</p>\n','2024-04-11 12:34:04',1,1),(321,0,77,108,'system',0,'Обращение разделено на 2 новых','2024-04-11 12:36:28',1,1),(322,0,77,109,'system',0,'Обращение создано разделением','2024-04-11 12:36:28',1,1),(323,77,69,109,'common',0,'<p>новая 1</p>\n','2024-04-11 12:36:28',1,1),(324,0,77,110,'system',0,'Обращение создано разделением','2024-04-11 12:36:28',1,1),(325,77,69,110,'common',0,'<p>новая 2</p>\n','2024-04-11 12:36:28',1,1),(326,77,69,110,'common',0,'<p>что нибудь</p>\n','2024-04-11 12:38:12',1,1),(327,0,77,109,'common',0,'<p>Всё хорошо</p>\n','2024-04-11 12:39:57',1,1),(328,0,77,109,'common',0,'<p></p>\n','2024-04-11 12:40:10',1,1),(329,0,77,110,'common',0,'<p>холодильник</p>\n','2024-04-11 12:43:45',1,0),(330,0,77,102,'common',0,'<p></p>\n','2024-04-11 12:51:50',1,1),(331,77,75,111,'common',0,'<p>Мне не начислен кешбек за март. ID 407146</p>\n','2024-04-12 19:31:16',1,1),(332,0,77,111,'common',0,'<p>Привет! Как дела?) Не беспокойся дорогой друг</p>\n','2024-04-12 19:32:37',1,1),(333,77,70,111,'common',0,'<p>Благодарю вас!!!!!!!!</p>\n','2024-04-12 19:43:56',1,1),(334,0,77,111,'common',0,'<p>Привет! Как дела?) Не беспокойся дорогой друг</p>\n','2024-04-12 19:45:22',1,1),(335,0,77,111,'common',0,'<p>Привет! Как дела?) Не беспокойся дорогой друг (Дубль 2)</p>\n','2024-04-12 19:46:12',1,1),(336,77,71,112,'common',0,'<p>Нужен продукт</p>\n','2024-04-12 19:50:02',1,1),(337,0,77,112,'common',0,'<p>Привет! Как дела?) Не беспокойся дорогой друг (Дубль 2)</p>\n<p></p>\n<p></p>\n','2024-04-12 19:50:31',1,1),(338,0,77,112,'common',0,'<p>Ну жаль</p>\n','2024-04-12 19:51:09',1,1),(339,0,77,112,'common',0,'<p></p>\n','2024-04-12 19:51:13',1,1),(340,102,75,113,'common',0,'<p>Здравствуйте не могу перевети токины на кабинет партнера, всё делаю по инструкции, пишут недостаточный баланс wrt для отправки, хотя я не вручную ввожу сумму, а копирую её</p>\n','2024-04-18 12:14:45',1,1),(341,102,75,113,'common',0,'<p>транзакцию провела, теперь у меня кнопка подать заявку не кликается. Когда ужеупростят перевод токинов со своего кабинета на другой ?</p>\n','2024-04-18 12:49:55',1,1),(342,102,75,113,'common',0,'<p>Здравствуйте, по какой причине мне отказали в переводе токенов на кабинет партнера? Создала новую заявку, сколько времени ее будут рассматривть?</p>\n','2024-04-20 08:35:00',1,1),(343,77,67,114,'common',0,'<p>да да да</p>\n','2024-04-26 16:48:47',1,1),(344,0,77,114,'common',0,'<p>Здраствуйте</p>\n','2024-04-26 16:50:13',1,1),(345,0,77,114,'common',0,'<p>пппп</p>\n','2024-04-26 17:06:25',1,1),(346,77,73,115,'common',0,'<p>Сделайте токены на рыбу</p>\n','2024-04-26 17:19:43',1,1),(347,77,73,115,'common',0,'<p>Да много токенов апельсин</p>\n<p></p>\n','2024-04-26 17:20:02',1,1),(348,0,77,115,'common',0,'<p>Дерево Машина</p>\n','2024-04-26 17:22:01',1,1),(349,0,77,115,'common',0,'<p>Мы рады сообщить вам, что началась отправка продукта Vertera Miracle в рамках пакета \"Консультант по здоровому образу жизни\".  Этот уникальный продукт разработан с учетом ваших потребностей и поможет вам достичь ваших целей в области здоровья и благополучия.</p>\n','2024-04-26 17:23:36',1,1),(350,77,76,116,'common',0,'<p>ИРРВДДДДД</p>\n','2024-05-02 16:37:00',1,1),(351,67,77,110,'common',0,'<p>Вопрос закрыт</p>\n','2024-05-02 16:48:40',2,1),(352,0,77,110,'common',0,'<p>кккк</p>\n','2024-05-02 16:49:25',1,1),(353,0,77,110,'common',0,'<p>аааа</p>\n','2024-05-02 16:49:38',1,1),(354,77,75,117,'common',0,'<p>Проводим тестирование системы с Алексеем</p>\n','2024-05-02 16:52:07',1,1),(355,75,77,117,'common',0,'<p>Как дела</p>\n','2024-05-02 16:55:03',1,1),(356,77,75,117,'common',0,'<p>Хорошо, спасибо!</p>\n','2024-05-02 16:55:41',1,1),(357,77,75,117,'common',0,'<p>Ещё напишу что нибудь</p>\n<p></p>\n','2024-05-02 17:00:14',1,1),(358,75,77,117,'common',0,'<p>Какой вопрос?&nbsp;</p>\n','2024-05-02 17:09:27',2,1),(359,75,77,117,'common',0,'<p>Не понятно!</p>\n','2024-05-02 17:09:37',2,1),(360,70,77,117,'common',0,'<p>Мне не понятен это вопрос&nbsp;</p>\n','2024-05-02 17:19:52',2,1),(361,75,77,117,'common',0,'<p>Вот тут подсказка</p>\n','2024-05-02 17:22:32',2,1),(362,70,77,117,'common',0,'<p>По вашему вопросу все хорошо&nbsp;</p>\n','2024-05-02 17:24:25',1,1),(363,70,77,117,'common',0,'<p>Подскажите, пожалуйста</p>\n','2024-05-02 17:25:44',1,1),(364,0,77,117,'common',0,'<p>Шикарно</p>\n','2024-05-02 17:25:52',1,1),(365,70,77,117,'common',0,'<p>Напишите</p>\n','2024-05-02 17:26:54',1,1),(366,77,70,117,'common',0,'<p>Шикарно!</p>\n','2024-05-02 17:27:06',1,1),(367,77,73,118,'common',0,'<p>Я ничего не понимаю товарищи</p>\n','2024-05-02 17:31:14',1,1),(368,77,70,119,'common',0,'<p>ББББ  Как дела</p>\n','2024-05-02 17:37:09',1,1),(369,0,77,119,'system',0,'Обращение разделено на 2 новых','2024-05-02 17:44:26',1,1),(370,0,77,120,'system',0,'Обращение создано разделением','2024-05-02 17:44:26',1,1),(371,77,72,120,'common',0,'<p>Помоги с этим:<br>Как дела</p>\n','2024-05-02 17:44:26',1,1),(372,0,77,121,'system',0,'Обращение создано разделением','2024-05-02 17:44:26',1,1),(373,77,72,121,'common',0,'<p>АААА зззз&nbsp;</p>\n','2024-05-02 17:44:26',1,1),(374,0,77,120,'system',0,'Обращение разделено на 2 новых','2024-05-02 17:46:49',1,1),(375,0,77,122,'system',0,'Обращение создано разделением','2024-05-02 17:46:49',1,1),(376,77,70,122,'common',0,'<p>Уточнение</p>\n','2024-05-02 17:46:49',1,1),(377,0,77,123,'system',0,'Обращение создано разделением','2024-05-02 17:46:49',1,1),(378,77,71,123,'common',0,'<p>Уточнение</p>\n','2024-05-02 17:46:49',1,1),(379,0,77,121,'system',0,'Наставник подключен к диалогу, ожидайте ответа.','2024-05-02 17:52:03',1,1),(380,70,77,121,'common',0,'<p>Пожалуйста, ответьте на вопросы партнера&nbsp;</p>\n','2024-05-02 17:54:56',1,1),(381,77,70,121,'common',0,'<p>Лял лял ля</p>\n','2024-05-02 17:55:19',1,1),(382,77,70,121,'common',0,'<p>Привет!</p>\n','2024-05-02 17:55:36',1,1),(383,70,75,124,'common',0,'<p>Важная информация. Оповещаем вас!&nbsp;</p>\n','2024-05-02 18:01:51',1,1),(384,0,70,124,'common',0,'<p>Хорошо</p>\n','2024-05-02 18:02:51',1,1),(385,70,77,125,'common',0,'<p>Важная информация!&nbsp;</p>\n','2024-05-02 18:02:52',1,1),(386,77,70,125,'common',0,'<p>Привет!</p>\n','2024-05-02 18:07:17',1,1),(387,77,70,125,'common',0,'<p>Как дела?</p>\n','2024-05-02 18:07:32',1,1),(388,70,77,126,'common',0,'<p>Информация</p>\n','2024-05-02 18:09:36',1,1),(389,77,73,127,'common',0,'<p>Ттооооо</p>\n','2024-05-02 18:13:04',1,1),(390,77,73,127,'common',0,'<p>Как дела ваши?</p>\n','2024-05-02 18:18:01',1,1),(391,70,77,127,'common',0,'<p>Уточняем информацию, пожалуйста, ожидайте.&nbsp;</p>\n','2024-05-02 18:22:03',1,1),(392,77,70,127,'common',0,'<p>Заебись!</p>\n','2024-05-02 18:22:48',1,1),(393,77,70,127,'common',0,'<p>Заебись 2</p>\n','2024-05-02 18:23:04',1,1);
/*!40000 ALTER TABLE `messages` ENABLE KEYS */;
UNLOCK TABLES;

--
-- Table structure for table `subthemes`
--

DROP TABLE IF EXISTS `subthemes`;
/*!40101 SET @saved_cs_client     = @@character_set_client */;
/*!50503 SET character_set_client = utf8mb4 */;
CREATE TABLE `subthemes` (
  `id` int NOT NULL AUTO_INCREMENT,
  `nameCode` varchar(512) NOT NULL DEFAULT 'none',
  `themeId` int NOT NULL,
  `orderNum` smallint unsigned NOT NULL,
  `visibility` smallint NOT NULL DEFAULT '3',
  PRIMARY KEY (`id`),
  KEY `SubThemeToThemeFK_idx` (`themeId`),
  KEY `SubThemeToTranslationFK_idx` (`nameCode`),
  CONSTRAINT `SubThemeToThemeFK` FOREIGN KEY (`themeId`) REFERENCES `themes` (`id`) ON DELETE CASCADE,
  CONSTRAINT `SubThemeToTranslationFK` FOREIGN KEY (`nameCode`) REFERENCES `translations` (`code`) ON UPDATE CASCADE
) ENGINE=InnoDB AUTO_INCREMENT=244 DEFAULT CHARSET=utf8mb4 COLLATE=utf8mb4_0900_ai_ci;
/*!40101 SET character_set_client = @saved_cs_client */;

--
-- Dumping data for table `subthemes`
--

LOCK TABLES `subthemes` WRITE;
/*!40000 ALTER TABLE `subthemes` DISABLE KEYS */;
INSERT INTO `subthemes` VALUES (104,'SUBTHEME_112323DCC3B28D963061CE4B28AE2F30',28,1,1),(105,'SUBTHEME_5664D1111101DAECF4F1C875EED3E187',28,2,1),(106,'SUBTHEME_F1F48DE20D507B92B5EBF31BD2158CCE',28,3,1),(107,'SUBTHEME_80C0818DA03BC52A942B392AD7954D72',31,1,1),(108,'SUBTHEME_89E4C6B78AA21F918937AA4BC1447061',31,2,1),(109,'SUBTHEME_66E8B39DDE785EB0FAE2F6BE34B60F4F',31,3,1),(111,'SUBTHEME_9A05454BFE3754583E04568750D4CCFD',35,7,1),(112,'SUBTHEME_C51FE5B76832AA4777F89B43546A371F',33,2,1),(113,'SUBTHEME_DB825F8647FFBD0BCAB9AE7BB689BC27',35,8,1),(114,'SUBTHEME_562BE5721A79D573EA877515BA196872',35,9,1),(115,'SUBTHEME_167BA5046D570BC8337FB8D850DD4F93',33,3,1),(116,'SUBTHEME_EE399E276A6FDFEBABAB6544137D0BEE',39,5,1),(118,'SUBTHEME_F94FECC1F3C1C61A84154DC7560429FB',33,4,1),(121,'SUBTHEME_04C7F4AD5170B0929906763C5E4B2E63',35,1,1),(122,'SUBTHEME_EE13E767986BE5F643343E09E5A5C44A',46,5,1),(123,'SUBTHEME_CB8D9E7166F2E544909890FFED447FF7',37,2,1),(124,'SUBTHEME_1FB2FA19451ED622E583853D490C723A',37,3,1),(125,'SUBTHEME_58154CEBC5A3643C6EDBF92B6EC24EDC',47,1,1),(126,'SUBTHEME_5533C9FE8FFA32F710422BF29AC749CA',47,2,1),(127,'SUBTHEME_0DA0D9DAF38DEA1121E630118DB5ADCF',37,4,1),(128,'SUBTHEME_11F3396FA61A263B2C1E098374093BC1',35,2,1),(129,'SUBTHEME_3CA74EFBCFF5B61E737839C796371856',33,5,1),(130,'SUBTHEME_8244C1ADCF034C13E97B3644FB4E4FA9',42,1,1),(131,'SUBTHEME_5248A47B7642CB605835229D8E614A2C',33,6,1),(132,'SUBTHEME_262BAB4A04FE9962992CBEE69A9A5467',35,3,1),(133,'SUBTHEME_A916065452E40F8DC4F03F750171A5B3',42,2,1),(134,'SUBTHEME_EE10F6D959B4A0E4E20502D6DFA52675',35,4,1),(136,'SUBTHEME_CE633E222ECC2BD9A71BA0DE1CEADCB2',42,3,1),(137,'SUBTHEME_48140187B54A21FF4C23ADF2BAAAF544',35,5,1),(138,'SUBTHEME_CF50E490E3DEB757CE52853242EC0F3B',34,1,1),(139,'SUBTHEME_452843B12CB48A40713ADFE8675EC705',35,6,1),(143,'SUBTHEME_C1AC644867951241E9835DCA02A92457',39,2,1),(144,'SUBTHEME_FC66221802D1EC8F178EF443E7A2CFA9',49,1,1),(146,'SUBTHEME_6ABE68C3C4DCD756A86B3CB457F25325',39,3,1),(147,'SUBTHEME_9B3B1B7E213F793386979F3DD95D997E',49,2,1),(149,'SUBTHEME_1263E369BE785754C7C7E7BB9B7FED25',38,5,1),(150,'SUBTHEME_F7A4C4151164F4BF2068B66BA8647689',39,4,1),(152,'SUBTHEME_56D368B0448816E74FE16781EEDC8279',38,1,1),(154,'SUBTHEME_7520D4847EBFFFEC859347A2B9C7E00B',46,2,1),(155,'SUBTHEME_E4B6DE416036869483904E4C1BE5B2F0',38,6,1),(156,'SUBTHEME_F2B7868F3E1278BEA66675AA6418953B',43,1,1),(158,'SUBTHEME_267CE5572B516D320B07664638CBA04F',46,3,1),(161,'SUBTHEME_DE6EDB5D9B3CB3C3213BFE45C1E3BABC',44,1,1),(163,'SUBTHEME_E31D7CA64C7565B3A3B6157D545E5399',46,4,1),(167,'SUBTHEME_CA4B77E7A25BE0A66050096EE9F53545',44,2,1),(169,'SUBTHEME_1F7C328D0888F383DA6EA96E0414F257',49,3,1),(172,'SUBTHEME_CEFA90A4CF4114D70D47C281202FFCFC',49,4,1),(176,'SUBTHEME_BFA30BE3B1FD2EB3CA47F1D57A8C887D',46,1,1),(177,'SUBTHEME_C62F3EDA9278CB4A8949343ECF48A127',50,1,1),(183,'SUBTHEME_905E0E38251F10AD31175D79ADA93A62',52,1,1),(190,'SUBTHEME_CE2FF7EEA36D6828ED203B361F0D1C6A',31,4,1),(194,'SUBTHEME_EBCE1169C59BC08963D432D7FDF04280',39,1,1),(195,'SUBTHEME_649CA943CF032B45F483C93AC33CF8EB',47,4,1),(201,'SUBTHEME_413E4EC945A3469ECAD859158940075B',44,3,1),(203,'SUBTHEME_0E170BA61DEF3324FCB820A2B130088C',32,1,1),(204,'SUBTHEME_6F792EE331E4049D53526C03FB263F68',32,2,1),(205,'SUBTHEME_C7C0D970CB648D3890E7D3A2CC201FCD',47,3,1),(206,'SUBTHEME_2EC8223DA3BEBD7CFAD11D2C5D3D9C8F',32,3,1),(207,'SUBTHEME_9CA5B0156B518AAA4D0E60A7CA0C0103',32,4,1),(208,'SUBTHEME_5CF277DCDD41D768A2BD1F24774B69B3',36,1,1),(209,'SUBTHEME_910F8E887C9BA512B01250DD45630091',36,2,1),(210,'SUBTHEME_5CC08F359115878A29EEDF92F7BC983E',36,3,1),(211,'SUBTHEME_4DD16ADD132244F57BC66ABFCA1305E1',40,1,1),(212,'SUBTHEME_52EF168A3AC0D58E551F76E8234E3D1B',33,1,1),(213,'SUBTHEME_0FF232205C0710902749B6FC2F301C2D',40,2,1),(214,'SUBTHEME_C65D153BED578AEF7A5B7E05EB747A87',40,3,1),(215,'SUBTHEME_D72A61610286D0D1820288FAA3F80CF3',41,1,1),(216,'SUBTHEME_5C2CC30A6269B71D6117AFA475DDCDBB',40,4,1),(217,'SUBTHEME_C83E8D95E79EE6DB112EE12075215B16',36,4,1),(218,'SUBTHEME_26D74089311816D72B039813BACD550A',36,5,1),(219,'SUBTHEME_E8D38720F0985E59A801AE9EC5A6F5B9',48,1,1),(220,'SUBTHEME_55C9F7D4F84BA4678EF050A2377D320B',37,1,1),(221,'SUBTHEME_E8451AB970B6D843A8F09907EE916D83',41,2,1),(222,'SUBTHEME_5DCD28031ECAD0A3A6ECB40E20DDC740',41,3,1),(223,'SUBTHEME_79FB63476CBEE9690A2FB764223C4F8A',41,4,1),(224,'SUBTHEME_39E23B63EDFE90B2F1B28DB8451E6F8C',48,2,1),(225,'SUBTHEME_5BF159C7EC4D5FD9B2B7E9CA30CFA890',48,3,1),(226,'SUBTHEME_ADE0B28762E8D3D8F822E924AAFDA3D5',48,4,1),(227,'SUBTHEME_6A5975DC922DF52135E566C6C2FC3ECF',48,5,1),(228,'SUBTHEME_4E768003D5FECAC537466AD1D8976EB0',45,4,1),(229,'SUBTHEME_CA9DC0273E1D99FB825736ED91274234',45,5,1),(230,'SUBTHEME_BC7A1676C5670070CFC0B06C847A4F29',34,2,1),(231,'SUBTHEME_51C290756B18B9030324C0A16F6F791C',34,3,1),(232,'SUBTHEME_0D8619FD2B30F0E3515813609AF3D3BC',34,4,1),(233,'SUBTHEME_47861DFFB7891F422F2FC27C17DA2952',38,2,1),(234,'SUBTHEME_CE790FC60FF21B9F549F975C28F50C6B',38,3,1),(235,'SUBTHEME_A9E6A900E225B183AB6529303E83C66E',38,4,1),(236,'SUBTHEME_07CAAB2677A8201917D6670EAC771606',45,1,1),(237,'SUBTHEME_6820F2D92C1446147AB88BA58DBCF2B1',45,2,1),(238,'SUBTHEME_28D5809D8ADD922775FB37E2213D6BEE',45,3,1),(239,'SUBTHEME_26EAC431B79AEB63570B992A431B745D',51,1,1),(240,'SUBTHEME_49B39FD809E7FD20D263E9D724A1C9C9',51,2,1),(241,'SUBTHEME_5B93BF32F60E0883F9CA644CE483CCC2',51,3,1),(242,'SUBTHEME_6A95CF8C8360E1BD9836DA66757B8508',37,5,1),(243,'SUBTHEME_EAB0480DF56FD7B498B9E1DD2A7630DC',37,6,1);
/*!40000 ALTER TABLE `subthemes` ENABLE KEYS */;
UNLOCK TABLES;

--
-- Table structure for table `theme_departments`
--

DROP TABLE IF EXISTS `theme_departments`;
/*!40101 SET @saved_cs_client     = @@character_set_client */;
/*!50503 SET character_set_client = utf8mb4 */;
CREATE TABLE `theme_departments` (
  `id` int NOT NULL AUTO_INCREMENT,
  `subThemeId` int NOT NULL,
  `departmentId` int NOT NULL,
  PRIMARY KEY (`id`),
  KEY `DepartmentToThemeFK_idx` (`subThemeId`),
  KEY `ThemeToDepartmentFK_idx` (`departmentId`),
  CONSTRAINT `DepartmentToThemeFK` FOREIGN KEY (`subThemeId`) REFERENCES `subthemes` (`id`) ON DELETE CASCADE,
  CONSTRAINT `ThemeToDepartmentFK` FOREIGN KEY (`departmentId`) REFERENCES `departments` (`id`) ON DELETE CASCADE
) ENGINE=InnoDB AUTO_INCREMENT=1112 DEFAULT CHARSET=utf8mb4 COLLATE=utf8mb4_0900_ai_ci;
/*!40101 SET character_set_client = @saved_cs_client */;

--
-- Dumping data for table `theme_departments`
--

LOCK TABLES `theme_departments` WRITE;
/*!40000 ALTER TABLE `theme_departments` DISABLE KEYS */;
INSERT INTO `theme_departments` VALUES (123,104,14),(124,104,15),(125,104,16),(126,104,17),(127,105,14),(128,105,15),(129,105,16),(130,105,17),(131,106,14),(132,106,15),(133,106,16),(134,106,17),(135,107,14),(136,107,15),(137,107,16),(138,107,17),(139,107,13),(140,107,12),(141,107,11),(142,108,11),(143,108,12),(144,108,13),(145,108,14),(146,108,15),(147,108,16),(148,108,17),(149,109,11),(150,109,12),(151,109,13),(152,109,14),(153,109,15),(154,109,16),(155,109,17),(163,111,11),(164,111,12),(165,111,13),(166,111,14),(167,111,15),(168,111,16),(169,111,17),(170,112,11),(171,112,12),(172,112,13),(173,112,14),(174,112,15),(175,112,16),(176,112,17),(177,113,11),(178,113,12),(179,113,13),(180,113,14),(181,113,15),(182,113,16),(183,113,17),(184,114,11),(185,114,12),(186,114,13),(187,114,14),(188,114,15),(189,114,16),(190,114,17),(191,115,11),(192,115,12),(193,115,13),(194,115,14),(195,115,15),(196,115,16),(197,115,17),(198,116,8),(199,116,9),(200,116,10),(201,116,11),(202,116,12),(203,116,13),(204,116,14),(205,116,15),(206,116,16),(207,116,17),(215,118,17),(216,118,16),(217,118,15),(218,118,14),(219,118,13),(220,118,12),(221,118,11),(236,121,17),(237,121,16),(238,121,15),(239,121,14),(240,122,8),(241,122,9),(242,122,10),(243,122,11),(244,122,12),(245,122,13),(246,122,14),(247,122,15),(248,122,16),(249,122,17),(250,123,17),(251,123,16),(252,123,15),(253,123,14),(254,123,13),(255,123,12),(256,123,11),(257,124,11),(258,124,12),(259,124,13),(260,124,14),(261,124,15),(262,124,16),(263,124,17),(264,125,11),(265,125,12),(266,125,13),(267,126,11),(268,126,12),(269,126,13),(270,127,11),(271,127,12),(272,127,13),(273,127,14),(274,127,15),(275,127,16),(276,127,17),(277,128,17),(278,128,16),(279,128,15),(280,128,14),(281,128,13),(282,128,12),(283,128,11),(284,129,11),(285,129,12),(286,129,13),(287,129,14),(288,129,15),(289,129,16),(290,129,17),(291,130,11),(292,130,12),(293,130,13),(294,130,14),(295,130,15),(296,130,16),(297,130,17),(298,131,11),(299,131,12),(300,131,13),(301,131,14),(302,131,15),(303,131,16),(304,131,17),(305,132,17),(306,132,16),(307,132,15),(308,132,14),(309,132,13),(310,132,12),(311,132,11),(312,133,11),(313,133,12),(314,133,13),(315,133,14),(316,133,15),(317,133,16),(318,133,17),(319,134,14),(320,134,15),(321,134,16),(322,134,17),(327,136,11),(328,136,12),(329,136,13),(330,136,14),(331,136,15),(332,136,16),(333,136,17),(334,137,11),(335,137,12),(336,137,13),(337,137,14),(338,137,15),(339,137,16),(340,137,17),(341,138,14),(342,138,15),(343,138,16),(344,138,17),(345,139,14),(346,139,15),(347,139,16),(348,139,17),(366,143,11),(367,143,12),(368,143,13),(369,143,14),(370,143,15),(371,143,16),(372,143,17),(373,144,11),(374,144,12),(375,144,13),(383,146,11),(384,146,12),(385,146,13),(386,146,14),(387,146,15),(388,146,16),(389,146,17),(390,147,11),(391,147,12),(392,147,13),(400,149,8),(401,149,9),(402,149,10),(403,149,11),(404,149,12),(405,149,13),(406,149,14),(407,149,15),(408,149,16),(409,149,17),(410,150,8),(411,150,9),(412,150,10),(413,150,11),(414,150,12),(415,150,13),(416,150,14),(417,150,15),(418,150,16),(419,150,17),(424,152,8),(425,152,9),(426,152,10),(434,154,8),(435,154,9),(436,154,10),(437,154,11),(438,154,12),(439,154,13),(440,154,14),(441,154,15),(442,154,16),(443,154,17),(444,155,8),(445,155,9),(446,155,10),(447,155,11),(448,155,12),(449,155,13),(450,155,14),(451,155,15),(452,155,16),(453,155,17),(454,156,11),(455,156,12),(456,156,13),(457,156,14),(458,156,15),(459,156,16),(460,156,17),(465,158,11),(466,158,12),(467,158,13),(468,158,14),(469,158,15),(470,158,16),(471,158,17),(483,161,11),(484,161,12),(485,161,13),(490,163,11),(491,163,12),(492,163,13),(493,163,14),(494,163,15),(495,163,16),(496,163,17),(509,167,11),(510,167,12),(511,167,13),(519,169,11),(520,169,12),(521,169,13),(528,172,11),(529,172,12),(530,172,13),(548,176,17),(549,176,16),(550,176,15),(551,176,14),(552,176,13),(553,176,12),(554,176,11),(555,177,11),(556,177,12),(557,177,13),(596,183,17),(597,183,16),(598,183,15),(599,183,14),(600,183,13),(601,183,12),(602,183,11),(628,190,11),(629,190,12),(630,190,13),(631,190,14),(632,190,15),(633,190,16),(634,190,17),(644,194,8),(645,194,9),(646,194,10),(647,195,11),(648,195,12),(649,195,13),(705,201,11),(706,201,12),(707,201,13),(739,203,11),(740,203,12),(741,203,13),(742,203,14),(743,203,15),(744,203,16),(745,203,17),(746,204,11),(747,204,12),(748,204,13),(749,204,14),(750,204,15),(751,204,16),(752,204,17),(760,205,11),(761,205,12),(762,205,13),(770,206,11),(771,206,12),(772,206,13),(773,206,14),(774,206,15),(775,206,16),(776,206,17),(777,207,11),(778,207,12),(779,207,13),(780,207,14),(781,207,15),(782,207,16),(783,207,17),(796,208,14),(797,208,15),(798,208,16),(799,208,17),(800,209,14),(801,209,15),(802,209,16),(803,209,17),(811,210,14),(812,210,15),(813,210,16),(814,210,17),(843,211,11),(844,211,12),(845,211,13),(846,211,14),(847,211,15),(848,211,16),(849,211,17),(850,212,11),(851,212,12),(852,212,13),(853,212,14),(854,212,15),(855,212,16),(856,212,17),(857,213,11),(858,213,12),(859,213,13),(860,213,14),(861,213,15),(862,213,16),(863,213,17),(871,214,11),(872,214,12),(873,214,13),(874,214,14),(875,214,15),(876,214,16),(877,214,17),(882,215,11),(883,215,12),(884,215,13),(885,215,14),(886,215,15),(887,215,16),(888,215,17),(893,216,11),(894,216,12),(895,216,13),(896,216,14),(897,216,15),(898,216,16),(899,216,17),(900,217,14),(901,217,15),(902,217,16),(903,217,17),(907,218,14),(908,218,15),(909,218,16),(910,218,17),(911,219,8),(912,219,9),(913,219,10),(917,220,11),(918,220,12),(919,220,13),(941,221,11),(942,221,12),(943,221,13),(944,221,14),(945,221,15),(946,221,16),(947,221,17),(948,222,11),(949,222,12),(950,222,13),(951,222,14),(952,222,15),(953,222,16),(954,222,17),(955,223,11),(956,223,12),(957,223,13),(958,223,14),(959,223,15),(960,223,16),(961,223,17),(974,224,8),(975,224,9),(976,224,10),(977,225,8),(978,225,9),(979,225,10),(980,226,8),(981,226,9),(982,226,10),(983,227,8),(984,227,9),(985,227,10),(986,228,11),(987,228,12),(988,228,13),(989,229,11),(990,229,12),(991,229,13),(1004,230,14),(1005,230,15),(1006,230,16),(1007,230,17),(1008,231,14),(1009,231,15),(1010,231,16),(1011,231,17),(1012,232,14),(1013,232,15),(1014,232,16),(1015,232,17),(1032,233,8),(1033,233,9),(1034,233,10),(1035,234,8),(1036,234,9),(1037,234,10),(1038,235,11),(1039,235,12),(1040,235,13),(1041,235,14),(1042,235,15),(1043,235,16),(1044,235,17),(1045,235,8),(1046,235,9),(1047,235,10),(1057,236,11),(1058,236,12),(1059,236,13),(1060,237,11),(1061,237,12),(1062,237,13),(1063,238,11),(1064,238,12),(1065,238,13),(1075,239,11),(1076,239,12),(1077,239,13),(1078,240,11),(1079,240,12),(1080,240,13),(1081,241,11),(1082,241,12),(1083,241,13),(1098,242,11),(1099,242,12),(1100,242,13),(1101,242,14),(1102,242,15),(1103,242,16),(1104,242,17),(1105,243,11),(1106,243,12),(1107,243,13),(1108,243,14),(1109,243,15),(1110,243,16),(1111,243,17);
/*!40000 ALTER TABLE `theme_departments` ENABLE KEYS */;
UNLOCK TABLES;

--
-- Table structure for table `themes`
--

DROP TABLE IF EXISTS `themes`;
/*!40101 SET @saved_cs_client     = @@character_set_client */;
/*!50503 SET character_set_client = utf8mb4 */;
CREATE TABLE `themes` (
  `id` int NOT NULL AUTO_INCREMENT,
  `nameCode` varchar(512) NOT NULL,
  `unitId` int NOT NULL,
  `orderNum` smallint unsigned NOT NULL,
  `visibility` smallint NOT NULL DEFAULT '3',
  PRIMARY KEY (`id`),
  KEY `ThemeToUnitFK_idx` (`unitId`),
  KEY `ThemeToTranslationFK_idx` (`nameCode`),
  CONSTRAINT `ThemeToTranslationFK` FOREIGN KEY (`nameCode`) REFERENCES `translations` (`code`) ON UPDATE CASCADE,
  CONSTRAINT `ThemeToUnitFK` FOREIGN KEY (`unitId`) REFERENCES `units` (`id`) ON DELETE CASCADE
) ENGINE=InnoDB AUTO_INCREMENT=53 DEFAULT CHARSET=utf8mb4 COLLATE=utf8mb4_0900_ai_ci;
/*!40101 SET character_set_client = @saved_cs_client */;

--
-- Dumping data for table `themes`
--

LOCK TABLES `themes` WRITE;
/*!40000 ALTER TABLE `themes` DISABLE KEYS */;
INSERT INTO `themes` VALUES (28,'THEME_7C65FD433467D77082234C5A0E6D14DB',3,1,1),(29,'THEME_FE30E991B6FDFFE00959D6DC3BE84D45',3,2,3),(30,'THEME_4E41CBDFAC07B182CFFDABDB13402B03',3,3,3),(31,'THEME_F6FAD9597AFBE29CBC372DB307556308',3,2,1),(32,'THEME_818246AFBD06B47C0A29C1ADE31C9A7B',3,3,1),(33,'THEME_6B2067C4B2A58D1F71D0748BCDF68A91',3,4,1),(34,'THEME_9768522C132DCF3CAA22070A4D837EE5',3,5,1),(35,'THEME_F4AAE1D4AD0B2E33FAD3F7EEE7D422D8',3,6,1),(36,'THEME_43854DF8EF10C0F7415657B350AC7149',3,7,1),(37,'THEME_9EFA1288CAEE7C6EEF91BEF4DE0F8DD9',3,8,1),(38,'THEME_8A5484DA772049789680A1E6F3E3D012',3,9,1),(39,'THEME_8FCB1AE1DFBB7A4B1D4614C64AF9880C',3,10,1),(40,'THEME_868C48F5AE8A26308E36B4ED592AD87E',3,11,1),(41,'THEME_51CD48AB822DE9116B28AB945A60AD21',3,12,1),(42,'THEME_3DC2AEA1C667E07202D659E26E0239A4',3,13,1),(43,'THEME_FD3C728B7D9D69E1389BF5CEF9382EAF',3,14,1),(44,'THEME_2A2D0DEB7EA43F00845D25BE0CE627AF',4,1,1),(45,'THEME_DCD69DFE909C579B67BCC9C2561AC0EF',4,2,1),(46,'THEME_FE3422EB73B4EC521D12E7457428C679',4,3,1),(47,'THEME_21A3851291D6606B08FD0415B523289E',4,4,1),(48,'THEME_726A90F88C98D21B353FAC02B23DC036',4,5,1),(49,'THEME_8B4697885D931DEEE626AEF51C395FD4',4,6,1),(50,'THEME_1E559DCB36A27E0F16234E6DCE5669D1',4,7,3),(51,'THEME_CBDB224EC50E9D46519BAF5EDADE0975',4,8,1),(52,'THEME_CB3BDFD6EBB9094ED0AD9D57B769F037',4,9,1);
/*!40000 ALTER TABLE `themes` ENABLE KEYS */;
UNLOCK TABLES;

--
-- Table structure for table `ticket_statuses`
--

DROP TABLE IF EXISTS `ticket_statuses`;
/*!40101 SET @saved_cs_client     = @@character_set_client */;
/*!50503 SET character_set_client = utf8mb4 */;
CREATE TABLE `ticket_statuses` (
  `id` int NOT NULL AUTO_INCREMENT,
  `nameCode` varchar(512) NOT NULL,
  PRIMARY KEY (`id`),
  KEY `TicketStatusToTranslationFK_idx` (`nameCode`),
  CONSTRAINT `TicketStatusToTranslationFK` FOREIGN KEY (`nameCode`) REFERENCES `translations` (`code`) ON UPDATE CASCADE
) ENGINE=InnoDB AUTO_INCREMENT=8 DEFAULT CHARSET=utf8mb4 COLLATE=utf8mb4_0900_ai_ci;
/*!40101 SET character_set_client = @saved_cs_client */;

--
-- Dumping data for table `ticket_statuses`
--

LOCK TABLES `ticket_statuses` WRITE;
/*!40000 ALTER TABLE `ticket_statuses` DISABLE KEYS */;
INSERT INTO `ticket_statuses` VALUES (4,'TICKETSTATUS_08F55006CF2D6B8E04B9A6A6929DAD22'),(2,'TICKETSTATUS_1E9D7762BEDE1EE920BDB6FCFC6CF403'),(1,'TICKETSTATUS_7E7FC777A5840F50BA8E03A4B78ACA47'),(5,'TICKETSTATUS_9F8568BC05C18BBB6AD1F08E9E2FE940'),(7,'TICKETSTATUS_B8C1135E8E7C840E57A0F98D3946C574'),(3,'TICKETSTATUS_B9C8AB323A26E59E41F56A62E1B4E5D1'),(6,'TICKETSTATUS_FEC7181AD224BDD6DFE9F161E960C936');
/*!40000 ALTER TABLE `ticket_statuses` ENABLE KEYS */;
UNLOCK TABLES;

--
-- Table structure for table `tickets`
--

DROP TABLE IF EXISTS `tickets`;
/*!40101 SET @saved_cs_client     = @@character_set_client */;
/*!50503 SET character_set_client = utf8mb4 */;
CREATE TABLE `tickets` (
  `id` int unsigned NOT NULL AUTO_INCREMENT,
  `initiatorId` int unsigned NOT NULL,
  `recipientId` int unsigned NOT NULL,
  `assistantId` int unsigned DEFAULT NULL,
  `date` datetime NOT NULL,
  `title` varchar(128) NOT NULL DEFAULT 'Без названия',
  `unitId` int unsigned NOT NULL,
  `themeId` int unsigned NOT NULL,
  `subThemeId` int unsigned NOT NULL,
  `statusId` int unsigned NOT NULL,
  `reaction` tinyint DEFAULT NULL,
  `link` varchar(128) NOT NULL,
  PRIMARY KEY (`id`),
  UNIQUE KEY `link_UNIQUE` (`link`)
) ENGINE=InnoDB AUTO_INCREMENT=128 DEFAULT CHARSET=utf8mb4 COLLATE=utf8mb4_0900_ai_ci;
/*!40101 SET character_set_client = @saved_cs_client */;

--
-- Dumping data for table `tickets`
--

LOCK TABLES `tickets` WRITE;
/*!40000 ALTER TABLE `tickets` DISABLE KEYS */;
INSERT INTO `tickets` VALUES (89,77,71,NULL,'2024-04-09 14:09:23','Тест Тестович',3,33,129,2,1,'769b55453912482a56393587c6472254'),(90,77,73,NULL,'2024-04-09 14:20:41','Не могу больше это терпеть',3,35,139,2,1,'85bec220bf26180b2085ce1539000a12'),(91,77,75,NULL,'2024-04-09 14:34:39','Денюжка дайте',3,41,215,2,NULL,'1689d96256264741fff56cb38167dd32'),(92,77,75,NULL,'2024-04-09 14:42:17','Хочу бинарный статус тыча',3,36,210,2,NULL,'3f5e98223166288da9d8889037e09178'),(93,77,74,NULL,'2024-04-09 14:43:23','Наставник',3,36,209,2,NULL,'5ed9f9bf9380eb3aaae18f612d6aed8e'),(95,77,71,NULL,'2024-04-09 14:52:24','222аааа',3,41,215,2,NULL,'a46c86fda1dbf744f23d3340c1f16bab'),(97,79,74,NULL,'2024-04-09 15:20:05','ГДЕ МОИ ДЕНЬГИ ?!?!?!',3,34,138,2,NULL,'44b12f326c3edf4b41d3f74fbca8ad59'),(98,77,73,NULL,'2024-04-09 16:19:02','Тест тест',3,34,231,2,NULL,'86ac93f65058a959fd3916bf2b6e5672'),(101,77,70,NULL,'2024-04-09 16:49:43','Дайте товар быстро',4,49,147,2,NULL,'7fb5192eb889fc3926ef7b4c0a169421'),(102,77,70,NULL,'2024-04-09 16:53:23','ПРивет ',3,28,104,2,NULL,'da5e2875e553e7df159ba1270793a932'),(103,77,70,NULL,'2024-04-09 16:53:23','Как дела',4,46,154,2,NULL,'6f99b73222465689a4b83609a2b2e7d7'),(104,77,71,NULL,'2024-04-09 16:56:04','Хорошо',4,49,147,2,NULL,'a5a727da636bbf07653467ee24995602'),(105,77,71,NULL,'2024-04-09 16:56:04','Новый ЦО',4,45,236,2,1,'300e2509a7e24846ea7df8eb44c0488d'),(107,77,75,NULL,'2024-04-10 14:12:28','Котролируйте качество',4,46,154,2,NULL,'7b947566b6ce7c02bb0165040b0d77fc'),(108,77,67,NULL,'2024-04-11 12:29:30','Тестовое сообщение',4,48,219,2,NULL,'379070deda0962a5e9b04d20bc95d913'),(109,77,69,NULL,'2024-04-11 12:36:28','новая 1',4,48,219,2,NULL,'02640f1b81f1b9ce589484bd246c169a'),(110,77,70,NULL,'2024-04-11 12:36:28','новая 2',4,44,219,2,NULL,'260bf6c50162732b523230c02c034520'),(111,77,70,NULL,'2024-04-12 19:31:16','Вопрос по кешбеку',3,33,112,2,NULL,'1e342ba0ad86e2b4877bbb33e45ea5aa'),(112,77,70,NULL,'2024-04-12 19:50:02','Приветствие ',3,31,107,2,0,'29489c816df8a640fccfe3fbce4e0d29'),(113,102,75,NULL,'2024-04-18 12:14:45','не могу перевести токины на кабинет пратнера',3,40,213,2,NULL,'af741e8a2dfc131abeae523a4a176394'),(114,77,69,NULL,'2024-04-26 16:48:47','Поставочка',4,48,219,2,1,'a072b747f809d00ae031d6053fe7e4e9'),(115,77,73,NULL,'2024-04-26 17:19:43','Токены',3,40,216,2,NULL,'e88eba69737429b0317a97221c07bed7'),(116,77,76,NULL,'2024-05-02 16:37:00','Алла ',3,35,132,2,NULL,'8a287e5f0a4447f9c8007bbd40b38fd4'),(117,77,70,NULL,'2024-05-02 16:52:07','Тест с Алексеем',3,31,109,2,NULL,'912595c662ddeea90ef6f01383e0bff7'),(118,77,70,NULL,'2024-05-02 17:31:14','Какой Маркетинг план?',3,35,104,2,NULL,'a00e04fee7adbe3188718a1b09acb3b5'),(119,77,70,NULL,'2024-05-02 17:37:09','АААА зззз Как дела',4,44,161,2,NULL,'b2c0b52980597ba73c2a7b8900a07181'),(120,77,72,NULL,'2024-05-02 17:44:26','Шапка 1 ',4,44,161,2,NULL,'b4330f6e14a29a46fc76bbd5a9c3e7ac'),(121,77,70,77,'2024-05-02 17:44:26','Шапка 2',4,44,161,2,NULL,'8ddeeb74543983d9f0945201af23d93a'),(122,77,70,NULL,'2024-05-02 17:46:49','Тема 1',4,44,161,2,NULL,'f43d06e53e4170e0d2b1eafce44125ac'),(123,77,71,NULL,'2024-05-02 17:46:49','Тема 2',4,44,161,2,NULL,'025471204afb6cf4ee861b57dc73484e'),(124,70,75,NULL,'2024-05-02 18:01:51','Важно!',3,31,190,2,NULL,'f86a6d5df01842438cb491453ed19870'),(125,70,77,NULL,'2024-05-02 18:02:52','Важно!',3,31,109,2,NULL,'76e44aeee81999c1b5d48c42835e86f1'),(126,70,77,NULL,'2024-05-02 18:09:36','Важно!',3,31,109,6,NULL,'143af4c63f12fdfbb538465d8c28ac37'),(127,77,70,NULL,'2024-05-02 18:13:04','Рроооооо',3,32,105,2,NULL,'a7ea844d14817996fe53c1491ec4a5a1');
/*!40000 ALTER TABLE `tickets` ENABLE KEYS */;
UNLOCK TABLES;

--
-- Table structure for table `tickets_log`
--

DROP TABLE IF EXISTS `tickets_log`;
/*!40101 SET @saved_cs_client     = @@character_set_client */;
/*!50503 SET character_set_client = utf8mb4 */;
CREATE TABLE `tickets_log` (
  `id` int unsigned NOT NULL AUTO_INCREMENT,
  `date` datetime NOT NULL,
  `type` varchar(45) NOT NULL,
  `ticketId` int unsigned NOT NULL,
  `initiatorId` int NOT NULL,
  `info` varchar(256) NOT NULL,
  PRIMARY KEY (`id`),
  KEY `TicketLogToTicketFK_idx` (`ticketId`),
  CONSTRAINT `TicketLogToTicketFK` FOREIGN KEY (`ticketId`) REFERENCES `tickets` (`id`) ON DELETE CASCADE
) ENGINE=InnoDB AUTO_INCREMENT=788 DEFAULT CHARSET=utf8mb4 COLLATE=utf8mb4_0900_ai_ci;
/*!40101 SET character_set_client = @saved_cs_client */;

--
-- Dumping data for table `tickets_log`
--

LOCK TABLES `tickets_log` WRITE;
/*!40000 ALTER TABLE `tickets_log` DISABLE KEYS */;
INSERT INTO `tickets_log` VALUES (349,'2024-04-09 14:09:23','create',89,77,'Создал'),(350,'2024-04-09 14:09:23','recipientChange',89,0,'Назначен адресат'),(351,'2024-04-09 14:09:23','msgSend',89,77,'Отправил сообщение 249'),(352,'2024-04-09 14:15:07','statusChange',89,0,'В работе'),(353,'2024-04-09 14:15:36','titleChange',89,0,'Изменил заголовок на \'Тест Тестович\''),(354,'2024-04-09 14:15:36','recipientChange',89,0,'Изменил адресата на ID 71'),(355,'2024-04-09 14:17:51','statusChange',89,71,'В работе'),(356,'2024-04-09 14:17:51','msgSend',89,71,'Отправил сообщение 250'),(357,'2024-04-09 14:18:05','statusChange',89,71,'В работе'),(358,'2024-04-09 14:18:05','msgSend',89,71,'Отправил сообщение 251'),(359,'2024-04-09 14:18:13','statusChange',89,71,'Закрыл'),(360,'2024-04-09 14:19:12','clientReaction',89,77,'Поставил оценку'),(361,'2024-04-09 14:20:41','create',90,77,'Создал'),(362,'2024-04-09 14:20:41','recipientChange',90,0,'Назначен адресат'),(363,'2024-04-09 14:20:41','msgSend',90,77,'Отправил сообщение 252'),(364,'2024-04-09 14:25:11','statusChange',90,73,'В работе'),(365,'2024-04-09 14:25:32','statusChange',90,73,'В работе'),(366,'2024-04-09 14:25:32','msgSend',90,73,'Отправил сообщение 253'),(367,'2024-04-09 14:25:53','statusChange',90,73,'В работе'),(368,'2024-04-09 14:25:53','msgSend',90,73,'Отправил сообщение 254'),(369,'2024-04-09 14:25:59','statusChange',90,73,'Закрыл'),(370,'2024-04-09 14:34:39','create',91,77,'Создал'),(371,'2024-04-09 14:34:39','recipientChange',91,0,'Назначен адресат'),(372,'2024-04-09 14:34:39','msgSend',91,77,'Отправил сообщение 255'),(373,'2024-04-09 14:42:17','create',92,77,'Создал'),(374,'2024-04-09 14:42:17','recipientChange',92,0,'Назначен адресат'),(375,'2024-04-09 14:42:17','msgSend',92,77,'Отправил сообщение 256'),(376,'2024-04-09 14:43:23','create',93,77,'Создал'),(377,'2024-04-09 14:43:23','recipientChange',93,0,'Назначен адресат'),(378,'2024-04-09 14:43:23','msgSend',93,77,'Отправил сообщение 257'),(379,'2024-04-09 14:49:14','statusChange',92,0,'В работе'),(380,'2024-04-09 14:49:16','titleChange',92,0,'Изменил заголовок на \'Хочу бинарный статус тыча\''),(381,'2024-04-09 14:49:16','recipientChange',92,0,'Изменил адресата на ID 73'),(382,'2024-04-09 14:49:31','titleChange',92,0,'Изменил заголовок на \'Хочу бинарный статус тыча\''),(383,'2024-04-09 14:49:31','recipientChange',92,0,'Изменил адресата на ID 75'),(384,'2024-04-09 14:50:55','assistantConn',92,0,'ID 73 Подключен к диалогу'),(385,'2024-04-09 14:50:55','statusChange',92,0,'На уточнении'),(386,'2024-04-09 14:51:40','titleChange',92,0,'Изменил заголовок на \'Хочу бинарный статус тыча\''),(387,'2024-04-09 14:51:40','recipientChange',92,0,'Изменил адресата на ID 75'),(388,'2024-04-09 14:52:24','msgSend',91,0,'Отправил сообщение 258'),(389,'2024-04-09 14:52:24','split',91,0,'Разделил'),(394,'2024-04-09 14:52:24','splitCreate',95,0,'Создал (сплит)'),(395,'2024-04-09 14:52:24','msgSend',95,0,'Отправил сообщение 261'),(396,'2024-04-09 14:52:24','recipientChange',95,0,'Назначен адресат'),(397,'2024-04-09 14:52:24','msgSend',95,77,'Отправил сообщение 262'),(398,'2024-04-09 14:52:24','statusChange',91,0,'Закрыл'),(404,'2024-04-09 15:20:05','create',97,79,'Создал'),(405,'2024-04-09 15:20:05','recipientChange',97,0,'Назначен адресат'),(406,'2024-04-09 15:20:05','msgSend',97,79,'Отправил сообщение 264'),(407,'2024-04-09 15:21:48','statusChange',97,74,'В работе'),(408,'2024-04-09 15:22:31','statusChange',97,74,'В работе'),(409,'2024-04-09 15:22:31','msgSend',97,74,'Отправил сообщение 265'),(410,'2024-04-09 15:22:35','statusChange',97,74,'В работе'),(411,'2024-04-09 15:22:35','msgSend',97,74,'Отправил сообщение 266'),(412,'2024-04-09 15:22:39','statusChange',97,74,'Закрыл'),(413,'2024-04-09 15:23:38','statusChange',93,76,'В работе'),(414,'2024-04-09 15:24:10','statusChange',93,76,'Требует дополнения'),(415,'2024-04-09 15:24:10','msgSend',93,76,'Отправил сообщение 267'),(416,'2024-04-09 15:26:13','titleChange',93,0,'Изменил заголовок на \'Наставник\''),(417,'2024-04-09 15:26:13','recipientChange',93,0,'Изменил адресата на ID 75'),(418,'2024-04-09 15:26:43','titleChange',93,0,'Изменил заголовок на \'Наставник\''),(419,'2024-04-09 15:26:43','recipientChange',93,0,'Изменил адресата на ID 74'),(420,'2024-04-09 15:27:59','statusChange',93,74,'В работе'),(421,'2024-04-09 15:27:59','msgSend',93,74,'Отправил сообщение 268'),(422,'2024-04-09 15:28:02','statusChange',93,74,'В работе'),(423,'2024-04-09 15:28:02','msgSend',93,74,'Отправил сообщение 269'),(424,'2024-04-09 15:28:04','statusChange',93,74,'Закрыл'),(425,'2024-04-09 16:04:29','clientReaction',90,77,'Поставил оценку'),(426,'2024-04-09 16:10:55','statusChange',95,71,'В работе'),(427,'2024-04-09 16:11:34','statusChange',95,71,'В работе'),(428,'2024-04-09 16:11:34','msgSend',95,71,'Отправил сообщение 270'),(429,'2024-04-09 16:11:36','statusChange',95,71,'В работе'),(430,'2024-04-09 16:11:36','msgSend',95,71,'Отправил сообщение 271'),(431,'2024-04-09 16:11:38','statusChange',95,71,'Закрыл'),(432,'2024-04-09 16:11:49','msgSend',92,75,'Отправил сообщение 272'),(433,'2024-04-09 16:15:51','assistantConn',92,73,'ID 73 Отключен от диалога'),(434,'2024-04-09 16:15:51','statusChange',92,0,'В работе'),(435,'2024-04-09 16:16:15','statusChange',92,75,'В работе'),(436,'2024-04-09 16:16:15','msgSend',92,75,'Отправил сообщение 273'),(437,'2024-04-09 16:16:17','statusChange',92,73,'В работе'),(438,'2024-04-09 16:16:19','statusChange',92,75,'Закрыл'),(439,'2024-04-09 16:16:21','statusChange',92,73,'Закрыл'),(447,'2024-04-09 16:19:02','create',98,77,'Создал'),(448,'2024-04-09 16:19:02','recipientChange',98,0,'Назначен адресат'),(449,'2024-04-09 16:19:02','msgSend',98,77,'Отправил сообщение 275'),(450,'2024-04-09 16:21:28','msgSend',98,77,'Отправил сообщение 276'),(451,'2024-04-09 16:21:50','msgSend',98,77,'Отправил сообщение 277'),(452,'2024-04-09 16:22:14','statusChange',98,0,'В работе'),(453,'2024-04-09 16:22:58','statusChange',98,0,'В работе'),(454,'2024-04-09 16:22:58','msgSend',98,0,'Отправил сообщение 278'),(455,'2024-04-09 16:23:00','statusChange',98,0,'Закрыл'),(502,'2024-04-09 16:49:43','create',101,77,'Создал'),(503,'2024-04-09 16:49:43','recipientChange',101,0,'Назначен адресат'),(504,'2024-04-09 16:49:43','msgSend',101,77,'Отправил сообщение 294'),(505,'2024-04-09 16:53:23','msgSend',101,0,'Отправил сообщение 295'),(506,'2024-04-09 16:53:23','split',101,70,'Разделил'),(507,'2024-04-09 16:53:23','splitCreate',102,70,'Создал (сплит)'),(508,'2024-04-09 16:53:23','msgSend',102,0,'Отправил сообщение 296'),(509,'2024-04-09 16:53:23','recipientChange',102,0,'Назначен адресат'),(510,'2024-04-09 16:53:23','msgSend',102,77,'Отправил сообщение 297'),(511,'2024-04-09 16:53:23','splitCreate',103,70,'Создал (сплит)'),(512,'2024-04-09 16:53:23','msgSend',103,0,'Отправил сообщение 298'),(513,'2024-04-09 16:53:23','recipientChange',103,0,'Назначен адресат'),(514,'2024-04-09 16:53:23','msgSend',103,77,'Отправил сообщение 299'),(515,'2024-04-09 16:53:23','statusChange',101,0,'Закрыл'),(516,'2024-04-09 16:54:27','titleChange',103,70,'Изменил заголовок на \'Как дела\''),(517,'2024-04-09 16:54:27','recipientChange',103,70,'Изменил адресата на ID 70'),(518,'2024-04-09 16:54:42','titleChange',103,70,'Изменил заголовок на \'Как дела\''),(519,'2024-04-09 16:54:42','recipientChange',103,70,'Изменил адресата на ID 70'),(520,'2024-04-09 16:56:04','msgSend',103,0,'Отправил сообщение 300'),(521,'2024-04-09 16:56:04','split',103,70,'Разделил'),(522,'2024-04-09 16:56:04','splitCreate',104,70,'Создал (сплит)'),(523,'2024-04-09 16:56:04','msgSend',104,0,'Отправил сообщение 301'),(524,'2024-04-09 16:56:04','recipientChange',104,0,'Назначен адресат'),(525,'2024-04-09 16:56:04','msgSend',104,77,'Отправил сообщение 302'),(526,'2024-04-09 16:56:04','splitCreate',105,70,'Создал (сплит)'),(527,'2024-04-09 16:56:04','msgSend',105,0,'Отправил сообщение 303'),(528,'2024-04-09 16:56:04','recipientChange',105,0,'Назначен адресат'),(529,'2024-04-09 16:56:04','msgSend',105,77,'Отправил сообщение 304'),(530,'2024-04-09 16:56:04','statusChange',103,0,'Закрыл'),(531,'2024-04-09 16:58:05','titleChange',102,70,'Изменил заголовок на \'ПРивет \''),(532,'2024-04-09 16:58:05','recipientChange',102,70,'Изменил адресата на ID 70'),(533,'2024-04-09 17:01:29','statusChange',102,70,'В работе'),(534,'2024-04-09 17:01:47','titleChange',102,70,'Изменил заголовок на \'ПРивет \''),(535,'2024-04-09 17:01:47','recipientChange',102,70,'Изменил адресата на ID 70'),(536,'2024-04-09 17:02:24','assistantConn',102,70,'ID 71 Подключен к диалогу'),(537,'2024-04-09 17:02:24','statusChange',102,0,'На уточнении'),(538,'2024-04-09 17:02:55','msgSend',102,70,'Отправил сообщение 305'),(539,'2024-04-09 17:04:28','msgSend',102,71,'Отправил сообщение 306'),(540,'2024-04-09 17:05:03','msgSend',102,70,'Отправил сообщение 307'),(541,'2024-04-09 17:05:42','msgSend',102,71,'Отправил сообщение 308'),(542,'2024-04-09 17:05:45','assistantConn',102,71,'ID 71 Отключен от диалога'),(543,'2024-04-09 17:05:45','statusChange',102,0,'В работе'),(544,'2024-04-09 17:07:06','statusChange',102,70,'В работе'),(545,'2024-04-09 17:07:06','msgSend',102,70,'Отправил сообщение 309'),(546,'2024-04-09 17:07:12','statusChange',102,70,'В работе'),(547,'2024-04-09 17:07:12','msgSend',102,70,'Отправил сообщение 310'),(548,'2024-04-09 17:10:24','statusChange',102,70,'Закрыл'),(550,'2024-04-09 17:43:59','statusChange',104,70,'В работе'),(551,'2024-04-09 17:44:05','statusChange',104,70,'В работе'),(552,'2024-04-09 17:44:07','statusChange',104,70,'Закрыл'),(553,'2024-04-09 17:44:19','statusChange',105,70,'В работе'),(554,'2024-04-09 17:44:20','statusChange',105,70,'В работе'),(555,'2024-04-09 17:44:24','statusChange',105,70,'Закрыл'),(556,'2024-04-09 18:02:02','clientReaction',105,77,'Поставил оценку'),(572,'2024-04-10 14:12:28','create',107,77,'Создал'),(573,'2024-04-10 14:12:28','recipientChange',107,0,'Назначен адресат'),(574,'2024-04-10 14:12:28','msgSend',107,77,'Отправил сообщение 317'),(575,'2024-04-10 14:14:34','statusChange',107,0,'В работе'),(576,'2024-04-10 14:15:22','statusChange',107,0,'В работе'),(577,'2024-04-10 14:15:22','msgSend',107,0,'Отправил сообщение 318'),(578,'2024-04-10 14:15:29','statusChange',107,0,'Закрыл'),(579,'2024-04-10 14:15:46','msgDelete',107,0,'Удалил сообщение 318'),(580,'2024-04-11 12:29:30','create',108,77,'Создал'),(581,'2024-04-11 12:29:30','recipientChange',108,0,'Назначен адресат'),(582,'2024-04-11 12:29:30','msgSend',108,77,'Отправил сообщение 319'),(583,'2024-04-11 12:34:04','msgSend',108,77,'Отправил сообщение 320'),(584,'2024-04-11 12:36:28','msgSend',108,0,'Отправил сообщение 321'),(585,'2024-04-11 12:36:28','split',108,0,'Разделил'),(586,'2024-04-11 12:36:28','splitCreate',109,0,'Создал (сплит)'),(587,'2024-04-11 12:36:28','msgSend',109,0,'Отправил сообщение 322'),(588,'2024-04-11 12:36:28','recipientChange',109,0,'Назначен адресат'),(589,'2024-04-11 12:36:28','msgSend',109,77,'Отправил сообщение 323'),(590,'2024-04-11 12:36:28','splitCreate',110,0,'Создал (сплит)'),(591,'2024-04-11 12:36:28','msgSend',110,0,'Отправил сообщение 324'),(592,'2024-04-11 12:36:28','recipientChange',110,0,'Назначен адресат'),(593,'2024-04-11 12:36:28','msgSend',110,77,'Отправил сообщение 325'),(594,'2024-04-11 12:36:28','statusChange',108,0,'Закрыл'),(595,'2024-04-11 12:37:27','statusChange',109,0,'В работе'),(596,'2024-04-11 12:38:12','msgSend',110,77,'Отправил сообщение 326'),(597,'2024-04-11 12:39:56','statusChange',109,0,'В работе'),(598,'2024-04-11 12:39:57','msgSend',109,0,'Отправил сообщение 327'),(599,'2024-04-11 12:40:10','statusChange',109,0,'В работе'),(600,'2024-04-11 12:40:10','msgSend',109,0,'Отправил сообщение 328'),(601,'2024-04-11 12:40:13','statusChange',109,0,'Закрыл'),(602,'2024-04-11 12:41:43','statusChange',110,0,'В работе'),(603,'2024-04-11 12:42:42','recipientChange',110,0,'Изменил адресата на ID 68'),(604,'2024-04-11 12:43:22','assistantConn',110,0,'ID 67 Подключен к диалогу'),(605,'2024-04-11 12:43:22','statusChange',110,0,'На уточнении'),(606,'2024-04-11 12:43:45','msgSend',110,0,'Отправил сообщение 329'),(607,'2024-04-11 12:44:17','msgDelete',110,0,'Удалил сообщение 329'),(608,'2024-04-11 12:45:58','statusChange',102,0,'В работе'),(609,'2024-04-11 12:51:50','statusChange',102,0,'В работе'),(610,'2024-04-11 12:51:50','msgSend',102,0,'Отправил сообщение 330'),(611,'2024-04-11 12:51:52','statusChange',102,0,'Закрыл'),(612,'2024-04-12 19:31:16','create',111,77,'Создал'),(613,'2024-04-12 19:31:16','recipientChange',111,0,'Назначен адресат'),(614,'2024-04-12 19:31:16','msgSend',111,77,'Отправил сообщение 331'),(615,'2024-04-12 19:31:51','recipientChange',111,0,'Изменил адресата на ID 70'),(616,'2024-04-12 19:32:02','statusChange',111,0,'В работе'),(617,'2024-04-12 19:32:37','statusChange',111,0,'Требует дополнения'),(618,'2024-04-12 19:32:37','msgSend',111,0,'Отправил сообщение 332'),(619,'2024-04-12 19:43:56','msgSend',111,77,'Отправил сообщение 333'),(620,'2024-04-12 19:45:22','statusChange',111,0,'В работе'),(621,'2024-04-12 19:45:22','msgSend',111,0,'Отправил сообщение 334'),(622,'2024-04-12 19:46:12','statusChange',111,0,'Требует дополнения'),(623,'2024-04-12 19:46:12','msgSend',111,0,'Отправил сообщение 335'),(624,'2024-04-12 19:49:17','statusChange',111,0,'Закрыл'),(625,'2024-04-12 19:50:02','create',112,77,'Создал'),(626,'2024-04-12 19:50:02','recipientChange',112,0,'Назначен адресат'),(627,'2024-04-12 19:50:02','msgSend',112,77,'Отправил сообщение 336'),(628,'2024-04-12 19:50:18','recipientChange',112,0,'Изменил адресата на ID 70'),(629,'2024-04-12 19:50:24','statusChange',112,0,'В работе'),(630,'2024-04-12 19:50:31','statusChange',112,0,'Требует дополнения'),(631,'2024-04-12 19:50:31','msgSend',112,0,'Отправил сообщение 337'),(632,'2024-04-12 19:51:09','statusChange',112,0,'В работе'),(633,'2024-04-12 19:51:09','msgSend',112,0,'Отправил сообщение 338'),(634,'2024-04-12 19:51:13','statusChange',112,0,'В работе'),(635,'2024-04-12 19:51:13','msgSend',112,0,'Отправил сообщение 339'),(636,'2024-04-12 19:51:16','statusChange',112,0,'Закрыл'),(637,'2024-04-18 12:14:45','create',113,102,'Создал'),(638,'2024-04-18 12:14:45','recipientChange',113,0,'Назначен адресат'),(639,'2024-04-18 12:14:45','msgSend',113,102,'Отправил сообщение 340'),(640,'2024-04-18 12:49:55','msgSend',113,102,'Отправил сообщение 341'),(641,'2024-04-20 08:35:00','msgSend',113,102,'Отправил сообщение 342'),(642,'2024-04-26 16:48:47','create',114,77,'Создал'),(643,'2024-04-26 16:48:47','recipientChange',114,0,'Назначен адресат'),(644,'2024-04-26 16:48:47','msgSend',114,77,'Отправил сообщение 343'),(645,'2024-04-26 16:49:58','statusChange',114,0,'В работе'),(646,'2024-04-26 16:50:13','statusChange',114,0,'В работе'),(647,'2024-04-26 16:50:13','msgSend',114,0,'Отправил сообщение 344'),(648,'2024-04-26 16:50:44','statusChange',114,0,'Закрыл'),(649,'2024-04-26 17:05:04','statusChange',114,0,'В работе'),(650,'2024-04-26 17:05:13','recipientChange',114,0,'Изменил адресата на ID 69'),(651,'2024-04-26 17:06:25','statusChange',114,0,'В работе'),(652,'2024-04-26 17:06:25','msgSend',114,0,'Отправил сообщение 345'),(653,'2024-04-26 17:07:12','statusChange',114,0,'Закрыл'),(654,'2024-04-26 17:19:11','clientReaction',114,77,'Поставил оценку'),(655,'2024-04-26 17:19:43','create',115,77,'Создал'),(656,'2024-04-26 17:19:43','recipientChange',115,0,'Назначен адресат'),(657,'2024-04-26 17:19:43','msgSend',115,77,'Отправил сообщение 346'),(658,'2024-04-26 17:20:02','msgSend',115,77,'Отправил сообщение 347'),(659,'2024-04-26 17:20:32','statusChange',115,0,'В работе'),(660,'2024-04-26 17:22:01','statusChange',115,0,'В работе'),(661,'2024-04-26 17:22:01','msgSend',115,0,'Отправил сообщение 348'),(662,'2024-04-26 17:23:36','statusChange',115,0,'В работе'),(663,'2024-04-26 17:23:36','msgSend',115,0,'Отправил сообщение 349'),(664,'2024-05-02 16:37:00','create',116,77,'Создал'),(665,'2024-05-02 16:37:00','recipientChange',116,0,'Назначен адресат'),(666,'2024-05-02 16:37:00','msgSend',116,77,'Отправил сообщение 350'),(667,'2024-05-02 16:48:40','msgSend',110,67,'Отправил сообщение 351'),(668,'2024-05-02 16:48:58','assistantConn',110,67,'ID 67 Отключен от диалога'),(669,'2024-05-02 16:48:58','statusChange',110,0,'В работе'),(670,'2024-05-02 16:49:07','recipientChange',110,0,'Изменил адресата на ID 70'),(671,'2024-05-02 16:49:25','statusChange',110,0,'В работе'),(672,'2024-05-02 16:49:25','msgSend',110,0,'Отправил сообщение 352'),(673,'2024-05-02 16:49:38','statusChange',110,0,'В работе'),(674,'2024-05-02 16:49:38','msgSend',110,0,'Отправил сообщение 353'),(675,'2024-05-02 16:49:54','statusChange',110,0,'Закрыл'),(676,'2024-05-02 16:50:05','statusChange',113,0,'В работе'),(677,'2024-05-02 16:50:13','statusChange',113,0,'Закрыл'),(678,'2024-05-02 16:50:14','statusChange',115,67,'Закрыл'),(679,'2024-05-02 16:50:35','statusChange',116,0,'В работе'),(680,'2024-05-02 16:50:51','statusChange',116,0,'Закрыл'),(681,'2024-05-02 16:52:07','create',117,77,'Создал'),(682,'2024-05-02 16:52:07','recipientChange',117,0,'Назначен адресат'),(683,'2024-05-02 16:52:07','msgSend',117,77,'Отправил сообщение 354'),(684,'2024-05-02 16:54:48','statusChange',117,75,'В работе'),(685,'2024-05-02 16:55:03','statusChange',117,75,'Требует дополнения'),(686,'2024-05-02 16:55:03','msgSend',117,75,'Отправил сообщение 355'),(687,'2024-05-02 16:55:41','msgSend',117,77,'Отправил сообщение 356'),(688,'2024-05-02 17:00:14','msgSend',117,77,'Отправил сообщение 357'),(689,'2024-05-02 17:02:13','recipientChange',117,75,'Изменил адресата на ID 70'),(690,'2024-05-02 17:05:10','assistantConn',117,75,'ID 75 Подключен к диалогу'),(691,'2024-05-02 17:05:10','statusChange',117,0,'На уточнении'),(692,'2024-05-02 17:09:27','msgSend',117,75,'Отправил сообщение 358'),(693,'2024-05-02 17:09:37','msgSend',117,75,'Отправил сообщение 359'),(694,'2024-05-02 17:09:49','assistantConn',117,75,'ID 75 Отключен от диалога'),(695,'2024-05-02 17:09:49','statusChange',117,0,'В работе'),(696,'2024-05-02 17:18:57','assistantConn',117,70,'ID 75 Подключен к диалогу'),(697,'2024-05-02 17:18:57','statusChange',117,0,'На уточнении'),(698,'2024-05-02 17:19:52','msgSend',117,70,'Отправил сообщение 360'),(699,'2024-05-02 17:22:32','msgSend',117,75,'Отправил сообщение 361'),(700,'2024-05-02 17:22:36','assistantConn',117,75,'ID 75 Отключен от диалога'),(701,'2024-05-02 17:22:36','statusChange',117,0,'В работе'),(702,'2024-05-02 17:24:25','statusChange',117,70,'В работе'),(703,'2024-05-02 17:24:25','msgSend',117,70,'Отправил сообщение 362'),(704,'2024-05-02 17:25:00','statusChange',117,70,'Закрыл'),(705,'2024-05-02 17:25:16','statusChange',117,70,'В работе'),(706,'2024-05-02 17:25:44','statusChange',117,70,'Требует дополнения'),(707,'2024-05-02 17:25:44','msgSend',117,70,'Отправил сообщение 363'),(708,'2024-05-02 17:25:52','statusChange',117,0,'В работе'),(709,'2024-05-02 17:25:52','msgSend',117,0,'Отправил сообщение 364'),(710,'2024-05-02 17:26:41','statusChange',117,70,'Закрыл'),(711,'2024-05-02 17:26:44','statusChange',117,70,'В работе'),(712,'2024-05-02 17:26:54','statusChange',117,70,'Требует дополнения'),(713,'2024-05-02 17:26:54','msgSend',117,70,'Отправил сообщение 365'),(714,'2024-05-02 17:27:06','msgSend',117,77,'Отправил сообщение 366'),(715,'2024-05-02 17:27:17','statusChange',117,70,'Закрыл'),(716,'2024-05-02 17:31:14','create',118,77,'Создал'),(717,'2024-05-02 17:31:14','recipientChange',118,0,'Назначен адресат'),(718,'2024-05-02 17:31:14','msgSend',118,77,'Отправил сообщение 367'),(719,'2024-05-02 17:32:14','recipientChange',118,70,'Изменил адресата на ID 70'),(720,'2024-05-02 17:34:11','statusChange',118,70,'В работе'),(721,'2024-05-02 17:35:12','statusChange',118,70,'Закрыл'),(722,'2024-05-02 17:37:09','create',119,77,'Создал'),(723,'2024-05-02 17:37:09','recipientChange',119,0,'Назначен адресат'),(724,'2024-05-02 17:37:09','msgSend',119,77,'Отправил сообщение 368'),(725,'2024-05-02 17:44:26','msgSend',119,0,'Отправил сообщение 369'),(726,'2024-05-02 17:44:26','split',119,70,'Разделил'),(727,'2024-05-02 17:44:26','splitCreate',120,70,'Создал (сплит)'),(728,'2024-05-02 17:44:26','msgSend',120,0,'Отправил сообщение 370'),(729,'2024-05-02 17:44:26','recipientChange',120,0,'Назначен адресат'),(730,'2024-05-02 17:44:26','msgSend',120,77,'Отправил сообщение 371'),(731,'2024-05-02 17:44:26','splitCreate',121,70,'Создал (сплит)'),(732,'2024-05-02 17:44:26','msgSend',121,0,'Отправил сообщение 372'),(733,'2024-05-02 17:44:26','recipientChange',121,0,'Назначен адресат'),(734,'2024-05-02 17:44:26','msgSend',121,77,'Отправил сообщение 373'),(735,'2024-05-02 17:44:26','statusChange',119,0,'Закрыл'),(736,'2024-05-02 17:46:49','msgSend',120,0,'Отправил сообщение 374'),(737,'2024-05-02 17:46:49','split',120,70,'Разделил'),(738,'2024-05-02 17:46:49','splitCreate',122,70,'Создал (сплит)'),(739,'2024-05-02 17:46:49','msgSend',122,0,'Отправил сообщение 375'),(740,'2024-05-02 17:46:49','recipientChange',122,77,'Назначен адресат'),(741,'2024-05-02 17:46:49','msgSend',122,77,'Отправил сообщение 376'),(742,'2024-05-02 17:46:49','splitCreate',123,70,'Создал (сплит)'),(743,'2024-05-02 17:46:49','msgSend',123,0,'Отправил сообщение 377'),(744,'2024-05-02 17:46:49','recipientChange',123,77,'Назначен адресат'),(745,'2024-05-02 17:46:49','msgSend',123,77,'Отправил сообщение 378'),(746,'2024-05-02 17:46:49','statusChange',120,0,'Закрыл'),(747,'2024-05-02 17:47:55','statusChange',122,70,'В работе'),(748,'2024-05-02 17:48:14','statusChange',122,70,'Закрыл'),(749,'2024-05-02 17:48:50','recipientChange',121,70,'Изменил адресата на ID 70'),(750,'2024-05-02 17:52:03','msgSend',121,0,'Отправил сообщение 379'),(751,'2024-05-02 17:52:03','assistantConn',121,70,'ID 77 Подключен к диалогу'),(752,'2024-05-02 17:52:03','statusChange',121,70,'Направил наставнику'),(753,'2024-05-02 17:54:56','statusChange',121,70,'Требует дополнения'),(754,'2024-05-02 17:54:56','msgSend',121,70,'Отправил сообщение 380'),(755,'2024-05-02 17:55:19','msgSend',121,77,'Отправил сообщение 381'),(756,'2024-05-02 17:55:36','msgSend',121,77,'Отправил сообщение 382'),(757,'2024-05-02 17:55:58','statusChange',121,70,'Закрыл'),(758,'2024-05-02 18:01:51','create',124,70,'Создал'),(759,'2024-05-02 18:01:51','recipientChange',124,70,'Назначен адресат'),(760,'2024-05-02 18:01:51','msgSend',124,70,'Отправил сообщение 383'),(761,'2024-05-02 18:02:33','statusChange',124,0,'В работе'),(762,'2024-05-02 18:02:51','statusChange',124,0,'Требует дополнения'),(763,'2024-05-02 18:02:51','msgSend',124,0,'Отправил сообщение 384'),(764,'2024-05-02 18:02:52','create',125,70,'Создал'),(765,'2024-05-02 18:02:52','recipientChange',125,70,'Назначен адресат'),(766,'2024-05-02 18:02:52','msgSend',125,70,'Отправил сообщение 385'),(767,'2024-05-02 18:04:10','statusChange',124,0,'Закрыл'),(768,'2024-05-02 18:07:17','msgSend',125,77,'Отправил сообщение 386'),(769,'2024-05-02 18:07:32','msgSend',125,77,'Отправил сообщение 387'),(770,'2024-05-02 18:09:36','create',126,70,'Создал'),(771,'2024-05-02 18:09:36','recipientChange',126,70,'Назначен адресат'),(772,'2024-05-02 18:09:36','msgSend',126,70,'Отправил сообщение 388'),(773,'2024-05-02 18:13:04','create',127,77,'Создал'),(774,'2024-05-02 18:13:04','recipientChange',127,0,'Назначен адресат'),(775,'2024-05-02 18:13:04','msgSend',127,77,'Отправил сообщение 389'),(776,'2024-05-02 18:18:01','msgSend',127,77,'Отправил сообщение 390'),(777,'2024-05-02 18:20:33','statusChange',127,70,'В работе'),(778,'2024-05-02 18:21:34','recipientChange',127,70,'Изменил адресата на ID 70'),(779,'2024-05-02 18:22:03','statusChange',127,70,'Требует дополнения'),(780,'2024-05-02 18:22:03','msgSend',127,70,'Отправил сообщение 391'),(781,'2024-05-02 18:22:48','msgSend',127,77,'Отправил сообщение 392'),(782,'2024-05-02 18:23:04','msgSend',127,77,'Отправил сообщение 393'),(783,'2024-05-02 18:23:19','statusChange',127,70,'Закрыл'),(784,'2024-05-02 18:23:47','statusChange',125,70,'В работе'),(785,'2024-05-02 18:23:51','statusChange',125,70,'Закрыл'),(786,'2024-05-02 18:24:15','statusChange',123,70,'В работе'),(787,'2024-05-02 18:24:20','statusChange',123,70,'Закрыл');
/*!40000 ALTER TABLE `tickets_log` ENABLE KEYS */;
UNLOCK TABLES;

--
-- Table structure for table `translations`
--

DROP TABLE IF EXISTS `translations`;
/*!40101 SET @saved_cs_client     = @@character_set_client */;
/*!50503 SET character_set_client = utf8mb4 */;
CREATE TABLE `translations` (
  `id` int NOT NULL AUTO_INCREMENT,
  `type` varchar(45) NOT NULL,
  `code` varchar(512) NOT NULL,
  `RU` varchar(512) DEFAULT NULL,
  `EN` varchar(512) DEFAULT NULL,
  `ES` varchar(512) DEFAULT NULL,
  `CS` varchar(512) DEFAULT NULL,
  `BG` varchar(512) DEFAULT NULL,
  `DE` varchar(512) DEFAULT NULL,
  `HU` varchar(512) DEFAULT NULL,
  `KK` varchar(512) DEFAULT NULL,
  `TM` varchar(512) DEFAULT NULL,
  `AZ` varchar(512) DEFAULT NULL,
  `RO` varchar(512) DEFAULT NULL,
  `TR` varchar(512) DEFAULT NULL,
  `VN` varchar(512) DEFAULT NULL,
  `MN` varchar(512) DEFAULT NULL,
  PRIMARY KEY (`id`),
  UNIQUE KEY `code_UNIQUE` (`code`)
) ENGINE=InnoDB AUTO_INCREMENT=1368 DEFAULT CHARSET=utf8mb4 COLLATE=utf8mb4_0900_ai_ci;
/*!40101 SET character_set_client = @saved_cs_client */;

--
-- Dumping data for table `translations`
--

LOCK TABLES `translations` WRITE;
/*!40000 ALTER TABLE `translations` DISABLE KEYS */;
INSERT INTO `translations` VALUES (556,'ticketStatus','TICKETSTATUS_7E7FC777A5840F50BA8E03A4B78ACA47','Новый','New','Nuevo',NULL,NULL,NULL,NULL,NULL,NULL,NULL,NULL,NULL,NULL,NULL),(557,'ticketStatus','TICKETSTATUS_1E9D7762BEDE1EE920BDB6FCFC6CF403','Выполнено','Done','Sí',NULL,NULL,NULL,NULL,NULL,NULL,NULL,NULL,NULL,NULL,NULL),(558,'ticketStatus','TICKETSTATUS_B9C8AB323A26E59E41F56A62E1B4E5D1','В процессе','In progress','En curso',NULL,NULL,NULL,NULL,NULL,NULL,NULL,NULL,NULL,NULL,NULL),(559,'subTheme','SUBTHEME_3791FEF4A7B43F0667C784E1902F4DD5','Создание кошелька','Creating a wallet',NULL,NULL,NULL,NULL,NULL,NULL,NULL,NULL,NULL,NULL,NULL,NULL),(560,'subTheme','SUBTHEME_2FFD3D019ADB436A53191D91B2EAD5C6','Заявка на вывод токенов ','Application for the withdrawal of tokens',NULL,NULL,NULL,NULL,NULL,NULL,NULL,NULL,NULL,NULL,NULL,NULL),(561,'subTheme','SUBTHEME_27D3D0063AC3B364A3C1C03E4D91C351','Пополнение личного кабинета','Replenishment of the personal account',NULL,NULL,NULL,NULL,NULL,NULL,NULL,NULL,NULL,NULL,NULL,NULL),(562,'subTheme','SUBTHEME_D4404F2C27BD3E74B7D6D46BE3982208','Оплата заказа токенами','Payment of the order tokens',NULL,NULL,NULL,NULL,NULL,NULL,NULL,NULL,NULL,NULL,NULL,NULL),(563,'subTheme','SUBTHEME_466892FF57D7BD14D44DB226CB43777B','Не пришли токены по акции','Tokens did not come for the action',NULL,NULL,NULL,NULL,NULL,NULL,NULL,NULL,NULL,NULL,NULL,NULL),(564,'subTheme','SUBTHEME_195390D8958F2B5C58F5AE60A1F0A96D','Прочие вопросы','Other questions',NULL,NULL,NULL,NULL,NULL,NULL,NULL,NULL,NULL,NULL,NULL,NULL),(565,'subTheme','SUBTHEME_DEDE99743C1EDDC0CD1DD53CEF647244','Пожелания и предложения','Suggestions and proposals',NULL,NULL,NULL,NULL,NULL,NULL,NULL,NULL,NULL,NULL,NULL,NULL),(566,'subTheme','SUBTHEME_CDA6854D9A99F697F61C360E1B06DEC9','Заявка на вывод средств','Application for the withdrawal of funds',NULL,NULL,NULL,NULL,NULL,NULL,NULL,NULL,NULL,NULL,NULL,NULL),(567,'subTheme','SUBTHEME_BE33DF748F61F3E933C8EF8140265A73','Приобретение invest пакета','Acquisition of an Invest package',NULL,NULL,NULL,NULL,NULL,NULL,NULL,NULL,NULL,NULL,NULL,NULL),(568,'subTheme','SUBTHEME_1AB4B35179E42D4C85792732A1F7A9F1','Прочие вопросы','Other questions',NULL,NULL,NULL,NULL,NULL,NULL,NULL,NULL,NULL,NULL,NULL,NULL),(569,'subTheme','SUBTHEME_856951C4DDFE9DB4B92800C0A2DC0F2E','Пожелания и предложения','Suggestions and proposals',NULL,NULL,NULL,NULL,NULL,NULL,NULL,NULL,NULL,NULL,NULL,NULL),(570,'subTheme','SUBTHEME_0094CBABD8BA081F99A65818F2842B32','Изменение данных профиля','Changing the profile data',NULL,NULL,NULL,NULL,NULL,NULL,NULL,NULL,NULL,NULL,NULL,NULL),(571,'subTheme','SUBTHEME_CFF62E55D4CD5359C02688018B38E22E','Проблемы с доступом','Access problems',NULL,NULL,NULL,NULL,NULL,NULL,NULL,NULL,NULL,NULL,NULL,NULL),(572,'subTheme','SUBTHEME_B75EF765365340792F441E5A3D1954CE','Удаление личных данных','Removing personal data',NULL,NULL,NULL,NULL,NULL,NULL,NULL,NULL,NULL,NULL,NULL,NULL),(573,'subTheme','SUBTHEME_3AD1866AD8BF44DE49E6E9ED2AD238BE','Переоформление/передача ID номера','Renewal/transmission of ID numbers',NULL,NULL,NULL,NULL,NULL,NULL,NULL,NULL,NULL,NULL,NULL,NULL),(574,'subTheme','SUBTHEME_D433BFB31B8FB5A7121A732236D1E943','Подтверждение контактных данных','Confirmation of contact details',NULL,NULL,NULL,NULL,NULL,NULL,NULL,NULL,NULL,NULL,NULL,NULL),(575,'subTheme','SUBTHEME_BCD38D13C693168BA9CCB12830746F75','Изменение доверенного ЦО','Changing the trusted CO',NULL,NULL,NULL,NULL,NULL,NULL,NULL,NULL,NULL,NULL,NULL,NULL),(576,'subTheme','SUBTHEME_9F893128CB81C871D8701DB6383FBF09','Подтверждение Партнерского соглашения','Confirmation of the partner agreement',NULL,NULL,NULL,NULL,NULL,NULL,NULL,NULL,NULL,NULL,NULL,NULL),(577,'subTheme','SUBTHEME_AE71CA092765E64CAD45D6E504E57888','Прочие вопросы','Other questions',NULL,NULL,NULL,NULL,NULL,NULL,NULL,NULL,NULL,NULL,NULL,NULL),(578,'subTheme','SUBTHEME_82BA4F94DCEF41AE3F1B6010A97ADAF4','Пожелания и предложения','Suggestions and proposals',NULL,NULL,NULL,NULL,NULL,NULL,NULL,NULL,NULL,NULL,NULL,NULL),(579,'subTheme','SUBTHEME_9B0A22554460A2D1F00A9CE733640DBB','Выплата бонусов','Bonuses payment',NULL,NULL,NULL,NULL,NULL,NULL,NULL,NULL,NULL,NULL,NULL,NULL),(580,'subTheme','SUBTHEME_CAE57665EC55742A1D80D9BBB7203551','Начисление бонусов','Bonuses accrual',NULL,NULL,NULL,NULL,NULL,NULL,NULL,NULL,NULL,NULL,NULL,NULL),(581,'subTheme','SUBTHEME_F330B7610935D1415505529FD2E8704F','Пожелания и предложения','Suggestions and proposals',NULL,NULL,NULL,NULL,NULL,NULL,NULL,NULL,NULL,NULL,NULL,NULL),(582,'subTheme','SUBTHEME_05BFDD79152E37FD099ECB8515E86923','Прочие вопросы','Other questions',NULL,NULL,NULL,NULL,NULL,NULL,NULL,NULL,NULL,NULL,NULL,NULL),(583,'subTheme','SUBTHEME_1629C3DAB62AA9DDFE0E139E9D8534BA','Информация О Продукте','Product information',NULL,NULL,NULL,NULL,NULL,NULL,NULL,NULL,NULL,NULL,NULL,NULL),(584,'subTheme','SUBTHEME_6A9985B5567A85DEAF05D89AB1B4DAD6','Наличие Продукции','The availability of products',NULL,NULL,NULL,NULL,NULL,NULL,NULL,NULL,NULL,NULL,NULL,NULL),(585,'subTheme','SUBTHEME_6933ED63E4BE6E7416DCEC5E6FD47EB7','Контроль качества','Quality control',NULL,NULL,NULL,NULL,NULL,NULL,NULL,NULL,NULL,NULL,NULL,NULL),(586,'subTheme','SUBTHEME_2C0C943306B7B8134D91AEDA3AC440EB','Прочие вопросы','Other questions',NULL,NULL,NULL,NULL,NULL,NULL,NULL,NULL,NULL,NULL,NULL,NULL),(587,'subTheme','SUBTHEME_F75BD25198806C485AC7937DAAC59CE5','Пожелания и предложения','Suggestions and proposals',NULL,NULL,NULL,NULL,NULL,NULL,NULL,NULL,NULL,NULL,NULL,NULL),(588,'subTheme','SUBTHEME_41E44D29CA57B3DCBCF861507AAD3D11','Не верно указан адрес','The address is not correctly indicated',NULL,NULL,NULL,NULL,NULL,NULL,NULL,NULL,NULL,NULL,NULL,NULL),(589,'subTheme','SUBTHEME_2F3CB3228C032D52338C6508C3946798','Изменить получателя','Change the recipient',NULL,NULL,NULL,NULL,NULL,NULL,NULL,NULL,NULL,NULL,NULL,NULL),(590,'subTheme','SUBTHEME_9A18545D2F01FE8FF450D2C1594BAF3A','Заказ не получен','The order was not received',NULL,NULL,NULL,NULL,NULL,NULL,NULL,NULL,NULL,NULL,NULL,NULL),(591,'subTheme','SUBTHEME_EBC51780F5BB7D03E6BEF01D7DB2D377','Заказ пришел не в том объёме','The order came to the wrong amount',NULL,NULL,NULL,NULL,NULL,NULL,NULL,NULL,NULL,NULL,NULL,NULL),(592,'subTheme','SUBTHEME_BA8646B918511048A7ECC4102BDEAE9B','Товар пришёл поврежденным','The goods came damaged',NULL,NULL,NULL,NULL,NULL,NULL,NULL,NULL,NULL,NULL,NULL,NULL),(593,'subTheme','SUBTHEME_D2957B752D574C0FC1337F602C8EE9CE','Прочие вопросы','Other questions',NULL,NULL,NULL,NULL,NULL,NULL,NULL,NULL,NULL,NULL,NULL,NULL),(594,'subTheme','SUBTHEME_B64BC46C5F9B878A84D52BCCC0F3F048','Пожелания и предложения','Suggestions and proposals',NULL,NULL,NULL,NULL,NULL,NULL,NULL,NULL,NULL,NULL,NULL,NULL),(595,'subTheme','SUBTHEME_C48C34B64F9D543732BE24D52D4B0286','Не выбрал подарочный продукт','Did not choose a gift product',NULL,NULL,NULL,NULL,NULL,NULL,NULL,NULL,NULL,NULL,NULL,NULL),(596,'subTheme','SUBTHEME_4FA586BC9999E3CC571CB5256E7CACFE','Отмена заказа','Cancellations',NULL,NULL,NULL,NULL,NULL,NULL,NULL,NULL,NULL,NULL,NULL,NULL),(597,'subTheme','SUBTHEME_BFE65E656AC4B69828052BA0DF6F5393','Списать бонусы в счёт оплаты заказа','Write off bonuses on the order payment account',NULL,NULL,NULL,NULL,NULL,NULL,NULL,NULL,NULL,NULL,NULL,NULL),(598,'subTheme','SUBTHEME_7DB13BA1488118A5CF5288417ED6F7C4','Не проходит оплата','Payment does not pass',NULL,NULL,NULL,NULL,NULL,NULL,NULL,NULL,NULL,NULL,NULL,NULL),(599,'subTheme','SUBTHEME_F6266D55C8143A82E628DB1B2160B83A','Не верно указал адрес','Did not correctly indicate the address',NULL,NULL,NULL,NULL,NULL,NULL,NULL,NULL,NULL,NULL,NULL,NULL),(600,'subTheme','SUBTHEME_BC102C098E5ADD9A1A38DC9A2D50B778','Изменить получателя','Change the recipient',NULL,NULL,NULL,NULL,NULL,NULL,NULL,NULL,NULL,NULL,NULL,NULL),(601,'subTheme','SUBTHEME_7C254E0A037011015A3D0DCF65EA8224','Прочие вопросы','Other questions',NULL,NULL,NULL,NULL,NULL,NULL,NULL,NULL,NULL,NULL,NULL,NULL),(602,'subTheme','SUBTHEME_36553BE76B68C2E0216D110D69B248F5','Пожелания и предложения','Suggestions and proposals',NULL,NULL,NULL,NULL,NULL,NULL,NULL,NULL,NULL,NULL,NULL,NULL),(603,'subTheme','SUBTHEME_E09BBE3DB9FF2672931946CE8A00E32D','Консультация по условиям Акции','Consultation on the terms of the promotion',NULL,NULL,NULL,NULL,NULL,NULL,NULL,NULL,NULL,NULL,NULL,NULL),(604,'subTheme','SUBTHEME_95083C84EBDB452FFE465F8AFAFF1CDF','Не получил подарок по Акции','Did not receive a gift for a promotion',NULL,NULL,NULL,NULL,NULL,NULL,NULL,NULL,NULL,NULL,NULL,NULL),(605,'subTheme','SUBTHEME_30AAECCFAD74E17E43D0069E3C686342','Не пришли токены по акции','Did not receive a gift for a promotion',NULL,NULL,NULL,NULL,NULL,NULL,NULL,NULL,NULL,NULL,NULL,NULL),(606,'subTheme','SUBTHEME_7FA72A154EFA8BBE2C6B26A80F94B690','Путешествия','Trips',NULL,NULL,NULL,NULL,NULL,NULL,NULL,NULL,NULL,NULL,NULL,NULL),(607,'subTheme','SUBTHEME_73B9F4FE23FDA000CAC8AF69BF0F793A','Прочие вопросы','Other questions',NULL,NULL,NULL,NULL,NULL,NULL,NULL,NULL,NULL,NULL,NULL,NULL),(608,'subTheme','SUBTHEME_5D599EA92F1ADF2ECC9E29ED08A14B9F','Пожелания и предложения','Suggestions and proposals',NULL,NULL,NULL,NULL,NULL,NULL,NULL,NULL,NULL,NULL,NULL,NULL),(609,'subTheme','SUBTHEME_1872F37824438B45EEBA91A29C1F8CE3','Вопрос по квалификации','Question on qualification',NULL,NULL,NULL,NULL,NULL,NULL,NULL,NULL,NULL,NULL,NULL,NULL),(610,'subTheme','SUBTHEME_7302DB94A9A9B0ECEF401908266F9FF6','WR Club 200+','WR Club 200+',NULL,NULL,NULL,NULL,NULL,NULL,NULL,NULL,NULL,NULL,NULL,NULL),(611,'subTheme','SUBTHEME_B8EEF7D148D43BE9829E51BB2E9C04F7','Прочие вопросы','Other questions',NULL,NULL,NULL,NULL,NULL,NULL,NULL,NULL,NULL,NULL,NULL,NULL),(612,'subTheme','SUBTHEME_09409BBB92115518E7FB968D2BD5370C','Пожелания и предложения','Suggestions and proposals',NULL,NULL,NULL,NULL,NULL,NULL,NULL,NULL,NULL,NULL,NULL,NULL),(613,'subTheme','SUBTHEME_C3D2EB60ECC621066473D3F57E156F79','Коррекция по бинару','Binar correction',NULL,NULL,NULL,NULL,NULL,NULL,NULL,NULL,NULL,NULL,NULL,NULL),(614,'subTheme','SUBTHEME_2DB0E2C93EC649B52FA744F784BCA9D7','Коррекция Наставника','Correction of a mentor',NULL,NULL,NULL,NULL,NULL,NULL,NULL,NULL,NULL,NULL,NULL,NULL),(615,'subTheme','SUBTHEME_5880754A7F37557387991A21F68FFD19','Коррекция бинарного статуса','Correction of binary status',NULL,NULL,NULL,NULL,NULL,NULL,NULL,NULL,NULL,NULL,NULL,NULL),(616,'subTheme','SUBTHEME_F364B6F5BEE237B2AF3D798CBBA58178','Прочие вопросы','Other questions',NULL,NULL,NULL,NULL,NULL,NULL,NULL,NULL,NULL,NULL,NULL,NULL),(617,'subTheme','SUBTHEME_F0ABB7FFBD78CA49BDFA9EDE8D828759','Пожелания и предложения','Suggestions and proposals',NULL,NULL,NULL,NULL,NULL,NULL,NULL,NULL,NULL,NULL,NULL,NULL),(618,'subTheme','SUBTHEME_D9E296D403363B8E28A83A49CBEDCE4B','Уточнение деталей','Clarification of details',NULL,NULL,NULL,NULL,NULL,NULL,NULL,NULL,NULL,NULL,NULL,NULL),(619,'subTheme','SUBTHEME_532B3C1C4548CBC7AD08358F7EDCC3B3','Уведомление о системной ошибке','System error notification',NULL,NULL,NULL,NULL,NULL,NULL,NULL,NULL,NULL,NULL,NULL,NULL),(620,'subTheme','SUBTHEME_09D6FCD707A52B03CAC70622BAAA969C','Прочие вопросы','Other questions',NULL,NULL,NULL,NULL,NULL,NULL,NULL,NULL,NULL,NULL,NULL,NULL),(621,'subTheme','SUBTHEME_F178AF36EF770E7472E1BF3BA9A4F628','Пожелания и предложения','Suggestions and proposals',NULL,NULL,NULL,NULL,NULL,NULL,NULL,NULL,NULL,NULL,NULL,NULL),(622,'subTheme','SUBTHEME_75ED71CAB0FCA5D6EFC5413067176EE8','Вопросы по сайту','Questions on the site',NULL,NULL,NULL,NULL,NULL,NULL,NULL,NULL,NULL,NULL,NULL,NULL),(623,'subTheme','SUBTHEME_6A34C9DDD2A387FEB3A2B741126F3B28','Открытие Центра Обслуживания','Opening of the service center',NULL,NULL,NULL,NULL,NULL,NULL,NULL,NULL,NULL,NULL,NULL,NULL),(624,'subTheme','SUBTHEME_DF5EE7BB4A607B52AE356F1EC96AC4BB','Международные Рынки','International markets',NULL,NULL,NULL,NULL,NULL,NULL,NULL,NULL,NULL,NULL,NULL,NULL),(625,'subTheme','SUBTHEME_00521848B6FDCE2DB2B6DE43AD8DF4C1','Этический кодекс','Ethical Code',NULL,NULL,NULL,NULL,NULL,NULL,NULL,NULL,NULL,NULL,NULL,NULL),(626,'subTheme','SUBTHEME_814E983A7A42311B40000316CD6FEA66','Пожелания и предложения','Suggestions and proposals',NULL,NULL,NULL,NULL,NULL,NULL,NULL,NULL,NULL,NULL,NULL,NULL),(627,'subTheme','SUBTHEME_E86D2CDBD946D92B81FCA31CC316C51F','Прочие вопросы','Other questions',NULL,NULL,NULL,NULL,NULL,NULL,NULL,NULL,NULL,NULL,NULL,NULL),(628,'subTheme','SUBTHEME_F5FBF9A28B69BEA951615C723C1B5814','Поиск Информации','Search for information',NULL,NULL,NULL,NULL,NULL,NULL,NULL,NULL,NULL,NULL,NULL,NULL),(629,'subTheme','SUBTHEME_1551AAD11A91FEE8CB86A619798F5802','Пожелания и предложения','Suggestions and proposals',NULL,NULL,NULL,NULL,NULL,NULL,NULL,NULL,NULL,NULL,NULL,NULL),(630,'subTheme','SUBTHEME_8199F66DC6A0CF5238875AD93E3216A3','Прочие вопросы','Other questions',NULL,NULL,NULL,NULL,NULL,NULL,NULL,NULL,NULL,NULL,NULL,NULL),(631,'subTheme','SUBTHEME_DAF14AD3D2A51FF595143EB11C6058CA','none','none',NULL,NULL,NULL,NULL,NULL,NULL,NULL,NULL,NULL,NULL,NULL,NULL),(632,'subTheme','SUBTHEME_1FA7F8484D6740A5A6861BE059398C2A','none','none',NULL,NULL,NULL,NULL,NULL,NULL,NULL,NULL,NULL,NULL,NULL,NULL),(633,'subTheme','SUBTHEME_73450E5BC0BF9FDD5DA8FCC983711948','none','none',NULL,NULL,NULL,NULL,NULL,NULL,NULL,NULL,NULL,NULL,NULL,NULL),(634,'subTheme','SUBTHEME_9F4A994E4156B5B3C0F4E0A4297F929E','Открыть продукты на ЦО','Open products on the central',NULL,NULL,NULL,NULL,NULL,NULL,NULL,NULL,NULL,NULL,NULL,NULL),(635,'subTheme','SUBTHEME_5F87183289F736EDD8C858F8E6F8AC5B','Закрыть продукты на ЦО','Close products on the central',NULL,NULL,NULL,NULL,NULL,NULL,NULL,NULL,NULL,NULL,NULL,NULL),(636,'subTheme','SUBTHEME_FC76E6FB2C7FB229E7A004DA31BB7614','Контроль качества','Quality control',NULL,NULL,NULL,NULL,NULL,NULL,NULL,NULL,NULL,NULL,NULL,NULL),(637,'subTheme','SUBTHEME_08BC30B7560FB30D7C8706906D211911','Информация О Продукте','Product information',NULL,NULL,NULL,NULL,NULL,NULL,NULL,NULL,NULL,NULL,NULL,NULL),(638,'subTheme','SUBTHEME_32C9FA2A341E8A2242F539C547108CBD','Прочие вопросы','Other questions',NULL,NULL,NULL,NULL,NULL,NULL,NULL,NULL,NULL,NULL,NULL,NULL),(639,'subTheme','SUBTHEME_4B0F821A9F01F151086F3ECE9463D3D9','Пожелания и предложения','Suggestions and proposals',NULL,NULL,NULL,NULL,NULL,NULL,NULL,NULL,NULL,NULL,NULL,NULL),(640,'subTheme','SUBTHEME_C897E225C83FE39AD6FEDAAF3B000D18','Выставление счёта','Invoicing',NULL,NULL,NULL,NULL,NULL,NULL,NULL,NULL,NULL,NULL,NULL,NULL),(641,'subTheme','SUBTHEME_4F085E17BB0F40A975F3340479F68DBF','Акты','Acts',NULL,NULL,NULL,NULL,NULL,NULL,NULL,NULL,NULL,NULL,NULL,NULL),(642,'subTheme','SUBTHEME_DF145A7CB0E0E053C2CDC14D2ADA2C65','Выплата дохода','Payment of income',NULL,NULL,NULL,NULL,NULL,NULL,NULL,NULL,NULL,NULL,NULL,NULL),(643,'subTheme','SUBTHEME_4DD085E409A74CDF15F95BAC32F6D739','Начисление дохода','Accrual of income',NULL,NULL,NULL,NULL,NULL,NULL,NULL,NULL,NULL,NULL,NULL,NULL),(644,'subTheme','SUBTHEME_57B07F24A750F423F43266BCC9EE9F95','Пожелания и предложения','Suggestions and proposals',NULL,NULL,NULL,NULL,NULL,NULL,NULL,NULL,NULL,NULL,NULL,NULL),(645,'subTheme','SUBTHEME_5B344D5390826BBCD17E9C1E4420B571','Прочие вопросы','Other questions',NULL,NULL,NULL,NULL,NULL,NULL,NULL,NULL,NULL,NULL,NULL,NULL),(646,'subTheme','SUBTHEME_DFDD3F844F1351790CE078D00E34BF9E','Наличие продукции','The availability of products',NULL,NULL,NULL,NULL,NULL,NULL,NULL,NULL,NULL,NULL,NULL,NULL),(647,'subTheme','SUBTHEME_5DF5056C148DCDF0E0D160F706AE2A43','Пересорт','Regrading',NULL,NULL,NULL,NULL,NULL,NULL,NULL,NULL,NULL,NULL,NULL,NULL),(648,'subTheme','SUBTHEME_ED9F431D13C117D4C5CFF2034D214EDD','Прочие вопросы','Other questions',NULL,NULL,NULL,NULL,NULL,NULL,NULL,NULL,NULL,NULL,NULL,NULL),(649,'subTheme','SUBTHEME_5CB1DFDF3B3F45575979842827ACC514','Пожелания и предложения','Suggestions and proposals',NULL,NULL,NULL,NULL,NULL,NULL,NULL,NULL,NULL,NULL,NULL,NULL),(650,'subTheme','SUBTHEME_1B6FE7554739FBB467BEC2B73C9BE2BA','Изменение состава заказа','Changing the composition of the order',NULL,NULL,NULL,NULL,NULL,NULL,NULL,NULL,NULL,NULL,NULL,NULL),(651,'subTheme','SUBTHEME_79C879A54F974EFAA7B545BA9DFFCEDA','Списание','Charge-off',NULL,NULL,NULL,NULL,NULL,NULL,NULL,NULL,NULL,NULL,NULL,NULL),(652,'subTheme','SUBTHEME_03BCBA2234CA2F7BE1A4B72EF7BC5D84','Прочие вопросы','Other questions',NULL,NULL,NULL,NULL,NULL,NULL,NULL,NULL,NULL,NULL,NULL,NULL),(653,'subTheme','SUBTHEME_631ACA7E6C1B50D33F281113053B1497','Акт сверки','Act of reconciliation',NULL,NULL,NULL,NULL,NULL,NULL,NULL,NULL,NULL,NULL,NULL,NULL),(654,'subTheme','SUBTHEME_5E6E501687DB8A8A0FD85ECCF31AAC7D','Инвентаризация','Inventory',NULL,NULL,NULL,NULL,NULL,NULL,NULL,NULL,NULL,NULL,NULL,NULL),(655,'subTheme','SUBTHEME_37E89DD02724B49C20B1D466C3E51D20','Договор','Contract',NULL,NULL,NULL,NULL,NULL,NULL,NULL,NULL,NULL,NULL,NULL,NULL),(656,'subTheme','SUBTHEME_81A0D424C89CE99616AB3C3F6EB1C74D','Контакты','Contacts',NULL,NULL,NULL,NULL,NULL,NULL,NULL,NULL,NULL,NULL,NULL,NULL),(657,'subTheme','SUBTHEME_78BF8C1DE2666BBA06AD753197005202','Товарные лимиты','Commodity limits',NULL,NULL,NULL,NULL,NULL,NULL,NULL,NULL,NULL,NULL,NULL,NULL),(658,'subTheme','SUBTHEME_1F09F9D3822379F893845DB02F7658C4','Прочие вопросы','Other questions',NULL,NULL,NULL,NULL,NULL,NULL,NULL,NULL,NULL,NULL,NULL,NULL),(659,'subTheme','SUBTHEME_177511656D886BA7856EB83981CF6F02','Пожелания и предложения','Suggestions and proposals',NULL,NULL,NULL,NULL,NULL,NULL,NULL,NULL,NULL,NULL,NULL,NULL),(660,'subTheme','SUBTHEME_232CA03AE0637D05C316595CBF640D2E','none','none',NULL,NULL,NULL,NULL,NULL,NULL,NULL,NULL,NULL,NULL,NULL,NULL),(661,'subTheme','SUBTHEME_271CA31E7FCEDB52FFC276D808461A18','none','none',NULL,NULL,NULL,NULL,NULL,NULL,NULL,NULL,NULL,NULL,NULL,NULL),(662,'theme','THEME_EDB3F5C0C392DF7F86A0358270BDE0E0','WRT Токены','WRT tokens',NULL,NULL,NULL,NULL,NULL,NULL,NULL,NULL,NULL,NULL,NULL,NULL),(663,'theme','THEME_D0C4D0A6021EDC13E8149B07BE2304F4','Платформа D-INVEST','D-Invest platform',NULL,NULL,NULL,NULL,NULL,NULL,NULL,NULL,NULL,NULL,NULL,NULL),(664,'theme','THEME_C00FAF9F4A096FBD1171E05FA51C00D7','Личные данные','Personal data',NULL,NULL,NULL,NULL,NULL,NULL,NULL,NULL,NULL,NULL,NULL,NULL),(665,'theme','THEME_85DD5017C62149565B909B1341A62EDB','Бонусные вознаграждения','Bonus rewards',NULL,NULL,NULL,NULL,NULL,NULL,NULL,NULL,NULL,NULL,NULL,NULL),(666,'theme','THEME_3C2D2829736172255113FF2A2D16D2D5','Вопросы по продукции','Questions about products',NULL,NULL,NULL,NULL,NULL,NULL,NULL,NULL,NULL,NULL,NULL,NULL),(667,'theme','THEME_5F7249CB662E88CC370B52273D873EC8','Доставка заказа (отправленный)','Order delivery (sent)',NULL,NULL,NULL,NULL,NULL,NULL,NULL,NULL,NULL,NULL,NULL,NULL),(668,'theme','THEME_9322CD7D3A2CBCAEF4DF26D56272AA7B','Изменение заказа (не отправленный)','Changing the order (not sent)',NULL,NULL,NULL,NULL,NULL,NULL,NULL,NULL,NULL,NULL,NULL,NULL),(669,'theme','THEME_6FC86E481C945C253298F5E8EDA1F7A2','Акции12321312312','Stock',NULL,NULL,NULL,NULL,NULL,NULL,NULL,NULL,NULL,NULL,NULL,NULL),(670,'theme','THEME_0C63C3BC3483C71F249BE17C66AEA6FA','Признания достижений','Recognition of achievements',NULL,NULL,NULL,NULL,NULL,NULL,NULL,NULL,NULL,NULL,NULL,NULL),(671,'theme','THEME_FDE95BC2F0C449D0E70C489215D8EBD9','Ошибка в структуре','An error in the structure',NULL,NULL,NULL,NULL,NULL,NULL,NULL,NULL,NULL,NULL,NULL,NULL),(672,'theme','THEME_51B1143794A571DE66866BEFC03A49F9','Маркетинг план','Marketing Plan',NULL,NULL,NULL,NULL,NULL,NULL,NULL,NULL,NULL,NULL,NULL,NULL),(673,'theme','THEME_286EB35B8608DF561F9CBC460B85CCCC','Вопросы по ведению бизнеса','Business issues',NULL,NULL,NULL,NULL,NULL,NULL,NULL,NULL,NULL,NULL,NULL,NULL),(674,'theme','THEME_2BB3E5D9E8F7BBFF2273F358E3F4542B','Общие вопросы о компании','General questions about the company',NULL,NULL,NULL,NULL,NULL,NULL,NULL,NULL,NULL,NULL,NULL,NULL),(675,'theme','THEME_74AD89D3BCF2883654054BD2BC6BA62D','Прочие вопросы и предложения','Other questions and suggestions',NULL,NULL,NULL,NULL,NULL,NULL,NULL,NULL,NULL,NULL,NULL,NULL),(676,'theme','THEME_E54210E8790DFAA86ADD8A7499B81342','Открытие Центра Обслуживания','Opening of the service center',NULL,NULL,NULL,NULL,NULL,NULL,NULL,NULL,NULL,NULL,NULL,NULL),(677,'theme','THEME_599F5335BC00A1A965AD812265112C78','Оформление офиса','Office design',NULL,NULL,NULL,NULL,NULL,NULL,NULL,NULL,NULL,NULL,NULL,NULL),(678,'theme','THEME_DB9A04D8A5C3F8ECB78D92D9A5CCC307','Продукты','Products',NULL,NULL,NULL,NULL,NULL,NULL,NULL,NULL,NULL,NULL,NULL,NULL),(679,'theme','THEME_56F572513B8C5C785BABF5959CF359FF','Финансы','Finance',NULL,NULL,NULL,NULL,NULL,NULL,NULL,NULL,NULL,NULL,NULL,NULL),(680,'theme','THEME_57326D97A62056551CA14BB256FD9189','Поставка','Supply',NULL,NULL,NULL,NULL,NULL,NULL,NULL,NULL,NULL,NULL,NULL,NULL),(681,'theme','THEME_1A7CA3DC597DB324319DB7B11C545808','Корректировка остатков','Correction of residues',NULL,NULL,NULL,NULL,NULL,NULL,NULL,NULL,NULL,NULL,NULL,NULL),(682,'theme','THEME_87BD9A7DFA1FD029A003BB6BD2DE072C','Изменение данных','Data change',NULL,NULL,NULL,NULL,NULL,NULL,NULL,NULL,NULL,NULL,NULL,NULL),(683,'theme','THEME_18B7E833D77E8B0866831D122ED0A077','Закрытие офиса','Closing the office',NULL,NULL,NULL,NULL,NULL,NULL,NULL,NULL,NULL,NULL,NULL,NULL),(684,'theme','THEME_9B4B27D49326F87DA1493DC1A29FE749','Прочие вопросы и предложения','Other questions and suggestions',NULL,NULL,NULL,NULL,NULL,NULL,NULL,NULL,NULL,NULL,NULL,NULL),(685,'unit','UNIT_38F4B792367665ECAB510E7236BEB3E4','Партнерам/Клиентам (удалить)','Partners/clients',NULL,NULL,NULL,NULL,NULL,NULL,NULL,NULL,NULL,NULL,NULL,NULL),(686,'unit','UNIT_F91F5720E82A6C4D0257651298C590A9','Держателям офиса  (удалить)','Office holders',NULL,NULL,NULL,NULL,NULL,NULL,NULL,NULL,NULL,NULL,NULL,NULL),(702,'jobTitle','JOBTITLE_018D3A9B770D07CB1522BFBC49C17CAF','Администратор','Administrator',NULL,NULL,NULL,NULL,NULL,NULL,NULL,NULL,NULL,NULL,NULL,NULL),(703,'jobTitle','JOBTITLE_D5D256B6C64C7A6C438CCF90FD624B7F','Куратор','Curator',NULL,NULL,NULL,NULL,NULL,NULL,NULL,NULL,NULL,NULL,NULL,NULL),(709,'country','COUNTRY_DA68DD4FBC33438825D655343295525C','Россия','Russia',NULL,NULL,NULL,NULL,NULL,NULL,NULL,NULL,NULL,NULL,NULL,NULL),(710,'country','COUNTRY_7B880D1109031A03655B66ACD0C780FD','Англия','Iran',NULL,NULL,NULL,NULL,NULL,NULL,NULL,NULL,NULL,NULL,NULL,NULL),(711,'country','COUNTRY_5D68AC73CB08553D8DF7A4D1B4DC97A7','Испания','Poland',NULL,NULL,NULL,NULL,NULL,NULL,NULL,NULL,NULL,NULL,NULL,NULL),(712,'country','COUNTRY_6D095FF6963E42901E8DB74D905548A3','Чехия','China',NULL,NULL,NULL,NULL,NULL,NULL,NULL,NULL,NULL,NULL,NULL,NULL),(713,'country','COUNTRY_CD8019F57C74BDD3556858914C505ED5','Болгария','Japan',NULL,NULL,NULL,NULL,NULL,NULL,NULL,NULL,NULL,NULL,NULL,NULL),(721,'ticketStatus','TICKETSTATUS_08F55006CF2D6B8E04B9A6A6929DAD22','На уточнении','On clarification','Bajo aclaración',NULL,NULL,NULL,NULL,NULL,NULL,NULL,NULL,NULL,NULL,NULL),(722,'ticketStatus','TICKETSTATUS_9F8568BC05C18BBB6AD1F08E9E2FE940','Ожидает дополнения','Waiting for additions','En espera de adiciones',NULL,NULL,NULL,NULL,NULL,NULL,NULL,NULL,NULL,NULL,NULL),(723,'interface','INTERFACE_ERROR','Что-то пошло не так','Something went wrong','Algo salió mal','Něco se pokazilo','Нещо се обърка','Etwas ist schief gelaufen','Valami elromlott','Бірдеңе дұрыс болмады',NULL,NULL,NULL,NULL,NULL,NULL),(724,'interface','INTERFACE_MY_APPEALS','Мои обращения','My appeals','Mis apelaciones','Moje výzvy','Моите жалби','Meine Berufungen','Fellebbezéseim','Менің өтініштерім',NULL,NULL,NULL,NULL,NULL,NULL),(725,'interface','INTERFACE_ALL_APPEALS','Все обращения','All appeals','Todas las apelaciones','Všechna odvolání','Всички обжалвания','Alle Berufungen','Minden fellebbezés','Барлық өтініштер',NULL,NULL,NULL,NULL,NULL,NULL),(726,'interface','INTERFACE_SORT','Сортировать по','Sort by','Ordenar por','Seřazeno podle','Сортиране от','Sortiere nach','Rendezés','Бойынша сұрыптау',NULL,NULL,NULL,NULL,NULL,NULL),(727,'interface','INTERFACE_CHAPTER','Раздел','Chapter','Apartado','Kapitola','Глава','Kapitel','Fejezet','Бөлім',NULL,NULL,NULL,NULL,NULL,NULL),(728,'interface','INTERFACE_DATE','Дата','date','fecha','datum','дата','Datum','dátum','дата',NULL,NULL,NULL,NULL,NULL,NULL),(729,'interface','INTERFACE_THEME','Тема','Subject','Tema','Předmět','Предмет','Thema','Tantárgy','Душар қылу',NULL,NULL,NULL,NULL,NULL,NULL),(730,'interface','INTERFACE_LAST_MSG','Последнее сообщение','Last message','Ultimo mensaje','Poslední zpráva','Последно съобщение','Letzte Nachricht','Utolsó üzenet','Хабар',NULL,NULL,NULL,NULL,NULL,NULL),(731,'interface','INTERFACE_DATE_CREATE','Дата создания','date of creation','fecha de creación','datum vytvoření','Дата на създаване','Erstelldatum','A teremtés dátuma','Жасалған күн',NULL,NULL,NULL,NULL,NULL,NULL),(734,'interface','INTERFACE_MSG','Сообщений','Messages','Los mensajes','Zprávy','Съобщения','Mitteilungen','üzenetek','Хабарлар',NULL,NULL,NULL,NULL,NULL,NULL),(735,'interface','INTERFACE_STATUS','Статус','Status','Estado','Postavení','Статус','Status','Állapot','Мәртебе',NULL,NULL,NULL,NULL,NULL,NULL),(736,'interface','INTERFACE_SHOW_FILTER','Показать фильтр','Show the filter','Mostrar el filtro','Zobrazit filtr','Покажете филтъра','Zeigen Sie den Filter','Mutasd meg a szűrőt','Сүзгіні көрсетіңіз',NULL,NULL,NULL,NULL,NULL,NULL),(737,'interface','INTERFACE_HIDE_FILTER','Скрыть фильтр','Hide the filter','Ocultar filtro','Skrýt filtr','Скрийте филтъра','Den Filter verstecken','Elrejteni a szűrőt','Сүзгіні жасырыңыз',NULL,NULL,NULL,NULL,NULL,NULL),(738,'interface','INTERFACE_SELECT_UNIT','Выберите подразделение','Select the unit','Seleccionar departamento','Vyberte jednotku','Изберете устройството','Wählen Sie das Gerät aus','Válassza ki az egységet','Құрылғыны таңдаңыз',NULL,NULL,NULL,NULL,NULL,NULL),(739,'interface','INTERFACE_TYPE_APPEALS','Тип обращения','Type of circulation','Tipo de apelación','Typ oběhu','Вид циркулация','Art der Verbreitung','Keringés típusa','Айналым түрі',NULL,NULL,NULL,NULL,NULL,NULL),(740,'interface','INTERFACE_SUBTHEME','Подтема','Substeum','Subtema','Substaum','Substeum','Sekundenzeichen','Alcsoport','Жиынтық',NULL,NULL,NULL,NULL,NULL,NULL),(741,'interface','INTERFACE_CURATOR','Куратор','Curator','Curador','Kurátor','Куратор','Kurator','Kurátor','Куратор',NULL,NULL,NULL,NULL,NULL,NULL),(742,'interface','INTERFACE_CURATORS_COUNTRY','Страны кураторов','Curators\' countries','Países de los curadores','Země kurátorů','Страните на кураторите','Kuratorenländer','Kurátorok országai','Кураторлар елдері',NULL,NULL,NULL,NULL,NULL,NULL),(743,'interface','INTERFACE_PARTNERS_COUNTRY','Страны партнёров','Partners\' countries','Países de los socios','Země partnerů','Страните на партньорите','Partnerländer','Partnerek országai','Серіктестер елдері',NULL,NULL,NULL,NULL,NULL,NULL),(744,'interface','INTERFACE_SET_PERIOD','Задать период','Set the period','Establecer el período','Nastavit období','Задайте периода','Setzen Sie die Periode','Állítsa be a periódust','Кезеңді орнатыңыз',NULL,NULL,NULL,NULL,NULL,NULL),(745,'interface','INTERFACE_REACTIONS','Реакции','Reactions','Reacciones','Reakce','Реакции','Reaktionen','Reakció','Реакциялар',NULL,NULL,NULL,NULL,NULL,NULL),(746,'interface','INTERFACE_REG_EXP','Есть слова','There are words','Hay palabras','Existují slova','Има думи','Es gibt Worte','Vannak szavak','Сөздер бар',NULL,NULL,NULL,NULL,NULL,NULL),(747,'interface','INTERFACE_THEME_STATUS','Статус темы','Topic status','Estado del tema','Stav tématu','Статус на темата','Themenstatus','Téma állapota','Тақырып күйі',NULL,NULL,NULL,NULL,NULL,NULL),(748,'interface','INTERFACE_CREATE_MORE','Создано более чем','More than more than','Creados más de','Více než více než','Повече от повече от','Mehr als mehr als mehr als','Több, mint','Одан да көп',NULL,NULL,NULL,NULL,NULL,NULL),(749,'interface','INTERFACE_DAY_AGO','X дней назад','X days ago','Hace X días','Před x dny','Преди дни','X Tage','X nappal ezelőtt','X күн бұрын',NULL,NULL,NULL,NULL,NULL,NULL),(750,'interface','INTERFACE_TIME','минут/часов/дней','minutes/hours/days','minutos/horas/días','minut/hodiny/dny','Минути/часове/дни','Minuten/Stunden/Tage','perc/óra/nap','минут / сағат / күндер',NULL,NULL,NULL,NULL,NULL,NULL),(752,'interface','INTERFACE_STRUCTURE','Структура','Structure','Estructura','Struktura','Структура','Struktur','Szerkezet','Құрылым',NULL,NULL,NULL,NULL,NULL,NULL),(753,'interface','INTERFACE_ID_NUMBER','Номер ID','ID number','Número de ID','identifikační číslo','Идентификационен номер','ID -Nummer','személyi igazolvány száma','ID нөмірі',NULL,NULL,NULL,NULL,NULL,NULL),(754,'interface','INTERFACE_APPLY','Применить','Apply','Aplicar','Aplikovat','Приложи','Anwenden','Alkalmaz','Өтініш беру',NULL,NULL,NULL,NULL,NULL,NULL),(755,'interface','INTERFACE_RESET','Сбросить','Reset','Reiniciar','Resetovat','Нулиране','Zurücksetzen','Visszaállítás','Ысыру',NULL,NULL,NULL,NULL,NULL,NULL),(756,'interface','INTERFACE_MY_TICKETS','Мои тикеты','My ticks','Mis apelaciones','Moje klíšťata','Моите кърлежи','Meine Zecken','Kullancsom','Менің кенелерім',NULL,NULL,NULL,NULL,NULL,NULL),(757,'interface','INTERFACE_ALL_TICKETS','Все тикеты','All ticks','Todas las apelaciones','Všechna klíšťata','Всички кърлежи','Alle Zecken','Minden kullancs','Барлық кенелер',NULL,NULL,NULL,NULL,NULL,NULL),(758,'interface','INTERFACE_IN_PROCESS','В процессе рассмотрения','In the process of consideration','En el proceso de consideración','V procesu zvážení','В процеса на разглеждане','Im Rahmen der Prüfung','A megfontolás folyamatában','Қарау барысында',NULL,NULL,NULL,NULL,NULL,NULL),(760,'interface','INTERFACE_TICKET_CREATOR','Создатель обращения','Creator of appeal','Creador de apelación','Stvořitel odvolání','Създател на обжалване','Schöpfer der Berufung','A fellebbezés alkotója','Апелляция жасаушы',NULL,NULL,NULL,NULL,NULL,NULL),(761,'interface','INTERFACE_CURRENT_CURATOR','Текущий куратор','Current curator','Curador actual','Aktuální kurátor','Текущ куратор','Stromkurator','Aktuális kurátor','Қазіргі куратор',NULL,NULL,NULL,NULL,NULL,NULL),(762,'interface','INTERFACE_NAME','Имя','Name','Nombre','název','Име','Name','Név','Есім',NULL,NULL,NULL,NULL,NULL,NULL),(763,'interface','INTERFACE_SURNAME','Фамилия','Surname','Primer apellido','Příjmení','Фамилно име','Nachname','Vezetéknév','Тегі',NULL,NULL,NULL,NULL,NULL,NULL),(764,'interface','INTERFACE_PATRONYMIC','Отчество','Patronymic','Segundo apellido','Příjmení','Фамилно име','Nachname','Vezetéknév','Тегі',NULL,NULL,NULL,NULL,NULL,NULL),(766,'interface','INTERFACE_EVENT','Событие','Event','Evento','událost','Събитие','Ereignis','Esemény','Оқиға',NULL,NULL,NULL,NULL,NULL,NULL),(767,'interface','INTERFACE_TICKETS','Тикеты','Taket','Apelaciones','Taket','Taket','Taket','Vétel','Тегет',NULL,NULL,NULL,NULL,NULL,NULL),(768,'interface','INTERFACE_STATS','Статистика','Statistics','Estadísticas','Statistika','Статистика','Statistiken','Statisztika','Статистика',NULL,NULL,NULL,NULL,NULL,NULL),(769,'interface','INTERFACE_CURATORS','Кураторы','Curators','Curadores','Kurátoři','Куратори','Kuratoren','Kurátorok','Курторлар',NULL,NULL,NULL,NULL,NULL,NULL),(770,'interface','INTERFACE_THEMES','Темы','Themes','Temas','Témata','Теми','Themen','Témák','Тақырыптар',NULL,NULL,NULL,NULL,NULL,NULL),(771,'interface','INTERFACE_SUBTHEMES','Подтемы','Supplies','Subtemas','Zásoby','Доставки','Lieferungen','Készletek','Жабдықтар',NULL,NULL,NULL,NULL,NULL,NULL),(772,'interface','INTERFACE_UNITS','Подразделения','Units','Apartados','Jednotky','Единици','Einheiten','Egységek','Қондырғылары',NULL,NULL,NULL,NULL,NULL,NULL),(773,'interface','INTERFACE_LOG_OUT','Выйти','Go out','Salir','Jít ven','Излез','Hinausgehen','Eljár szórakozni','Шығу',NULL,NULL,NULL,NULL,NULL,NULL),(774,'interface','INTERFACE_LOG_IN','Войти','To come in','Entrar','Vejít do','Да вляза','Betreten','Bejönni','Кіру',NULL,NULL,NULL,NULL,NULL,NULL),(775,'interface','INTERFACE_UNNAMED','Без названия','Untitled','Sin título','Nepojmenovaná','Без заглавие','Untitled','Névtelen','атаусыз',NULL,NULL,NULL,NULL,NULL,NULL),(776,'interface','INTERFACE_SHOW_ALL_TICKETS','Показать все обращения','Show all appeals','Mostrar todas las apelaciones','Ukázat všechny odvolání','Покажете всички обжалвания','Zeigen Sie alle Berufungen','Mutasd meg az összes fellebbezést','Барлық өтініштерді көрсету',NULL,NULL,NULL,NULL,NULL,NULL),(777,'interface','INTERFACE_ALL_CURATORS','Все кураторы','All curators','Todos los curadores','Všichni kurátoři','Всички куратори','Alle Kuratoren','Minden kurátor','Барлық кураторлар',NULL,NULL,NULL,NULL,NULL,NULL),(778,'interface','INTERFACE_FULL_NAME','ФИО','Full name','Nombre completo','Celé jméno','Пълно име','Vollständiger Name','Teljes név','Толық аты',NULL,NULL,NULL,NULL,NULL,NULL),(779,'interface','INTERFACE_DATE_OF_BIRTHDAY','Дата рождения','Date of Birth','Fecha de nacimiento','Datum narození','Дата на раждане','Geburtsdatum','Születési dátum','туған күні',NULL,NULL,NULL,NULL,NULL,NULL),(780,'interface','INTERFACE_TOOK_OFFICE','Вступил в должность','He took office','Asumió el cargo','Nastoupil do úřadu','Той встъпи в длъжност','Er nahm sein Amt','Hivatalba lépett','Ол кеңсе алды',NULL,NULL,NULL,NULL,NULL,NULL),(781,'interface','INTERFACE_EDIT','Редактировать','Edit','Editar','Upravit','редактиране','Bearbeiten','Szerkeszt','Редакциялау',NULL,NULL,NULL,NULL,NULL,NULL),(782,'interface','INTERFACE_ADD_CURATOR','Добавить куратора','Add the curator','Agrega el curador','Přidejte kurátora','Добавете куратора','Fügen Sie den Kurator hinzu','Adja hozzá a kurátort','Кураторды қосыңыз',NULL,NULL,NULL,NULL,NULL,NULL),(783,'interface','INTERFACE_DELETE_CURATOR','Удалить куратора','Delete the curator','Eliminar el curador','Odstraňte kurátora','Изтрийте куратора','Den Kurator löschen','Törölje a kurátort','Кураторды жойыңыз',NULL,NULL,NULL,NULL,NULL,NULL),(784,'interface','INTERFACE_COUNTRY','Страна','A country','País','Země','Страна','Ein Land','Egy ország','Мемлекет',NULL,NULL,NULL,NULL,NULL,NULL),(785,'interface','INTERFACE_DEPARTAMENTS','Департаменты','Departments','Departamentos','Oddělení','Отдели','Abteilungen','Osztályok','Бөлімдер',NULL,NULL,NULL,NULL,NULL,NULL),(786,'interface','INTERFACE_JOB','Должность','Job title','Título profesional','Pracovní pozice','Длъжност','Berufsbezeichnung','Munka megnevezése','Қызмет атауы',NULL,NULL,NULL,NULL,NULL,NULL),(787,'interface','INTERFACE_ADD_THEME','Добавить тему','Add the topic','Agregar un tema','Přidejte téma','Добавете темата','Fügen Sie das Thema hinzu','Adja hozzá a témát','Тақырыпты қосыңыз',NULL,NULL,NULL,NULL,NULL,NULL),(788,'interface','INTERFACE_GO_TO_THEMES','Перейти к темам','Go to topics','Ir a temas','Přejít na témata','Отидете на теми','Gehen Sie zu Themen','Menj a témákba','Тақырыптарға барыңыз',NULL,NULL,NULL,NULL,NULL,NULL),(789,'interface','INTERFACE_GO_TO_UNITS','Перейти к разделам','Go to sections','Ir a apartados','Přejít na sekce','Отидете на секции','Gehen Sie zu Abschnitten','Menj a szakaszokba','Бөлімдерге барыңыз',NULL,NULL,NULL,NULL,NULL,NULL),(790,'interface','INTERFACE_GO_TO_SUBTHEMES','Перейти к подтемам','Go to the subtrams','Ir a subtemas','Přejít na podřízené','Отивам в подтрамките','In die Subtams gehen','Menj az alutamrákhoz','Субсидтерге барыңыз',NULL,NULL,NULL,NULL,NULL,NULL),(791,'interface','INTERFACE_ORDER','Порядок','Order','Orden','Objednat','Поръчка','Befehl','Rendelés','Тапсырыс',NULL,NULL,NULL,NULL,NULL,NULL),(792,'interface','INTERFACE_NAME_OF_UNIT','Название подразделения','The name of the unit','El nombre del apartado','Název jednotky','Името на устройството','Der Name der Einheit','Az egység neve','Құрылғының атауы',NULL,NULL,NULL,NULL,NULL,NULL),(793,'interface','INTERFACE_START_WORK','Начать работу','Start work','Empezar a trabajar','Začít pracovat','Започвам работа','Fang an zu arbeiten','Munkát elkezdeni','Жұмысты бастау',NULL,NULL,NULL,NULL,NULL,NULL),(794,'interface','INTERFACE_EDIT_TICKET','Изменить тикет','Change the Ticket','Cambiar la apelación','Změňte lístek','Променете билета','Ändern Sie das Ticket','Változtassa meg a jegyet','Билетті өзгерту',NULL,NULL,NULL,NULL,NULL,NULL),(795,'interface','INTERFACE_SPLIT_TICKET','Разделить тикет','Divide the Ticket','Dividir la apelación','Rozdělte lístek','Разделете билета','Teilen Sie das Ticket auf','Ossza meg a jegyet','Билетті бөліңіз',NULL,NULL,NULL,NULL,NULL,NULL),(796,'interface','INTERFACE_DENY_WRITE','Запретить писать клиенту','Forbid to write to the client','Impedir que el cliente escriba','Zakazujte psát klientovi','Забранявайте да пишете на клиента','Verbieten, dem Kunden zu schreiben','Tiltsa, hogy írjon az ügyfélnek','Клиентке жазуға тыйым салыңыз',NULL,NULL,NULL,NULL,NULL,NULL),(797,'interface','INTERFACE_ACCESS_WRITE','Разрешить писать клиенту','Allow to write to the client','Permitir que el cliente escriba','Nechte psát klientovi','Позволете да пишете на клиента','Erlauben Sie dem Kunden zu schreiben','Hagyja, hogy írjon az ügyfélnek','Клиентке жазуға рұқсат етіңіз',NULL,NULL,NULL,NULL,NULL,NULL),(798,'interface','INTERFACE_SEND','Отправить','Send','Enviar','Poslat','Изпратете','Schicken','Küld','Жіберу',NULL,NULL,NULL,NULL,NULL,NULL),(799,'interface','INTERFACE_CLOSE_TICKET','Закрыть заявку','Close the application','Cerrar el pedido','Zavřete aplikaci','Затворете приложението','Schließen Sie die Anwendung','Zárja be az alkalmazást','Қолданбаны жабыңыз',NULL,NULL,NULL,NULL,NULL,NULL),(801,'interface','INTERFACE_ADD_FILE','Добавить файл','add file','agregar archivo','přidat soubor','добави файл','Datei hinzufügen','fájl hozzáadása','Файл қосу',NULL,NULL,NULL,NULL,NULL,NULL),(802,'interface','INTERFACE_FILE_NOT_SELECT','Файл не выбран','The file is not selected','El archivo no está seleccionado','Soubor není vybrán','Файлът не е избран','Die Datei ist nicht ausgewählt','A fájl nincs kiválasztva','Файл таңдалмаған',NULL,NULL,NULL,NULL,NULL,NULL),(803,'interface','INTERFACE_CHOOSE_FILE','Выберите файл','Choose File','Seleccionar un archivo','Vyberte soubor','Изберете файл','Datei wählen','Válassz fájlt','Файлды таңдаңыз',NULL,NULL,NULL,NULL,NULL,NULL),(804,'interface','INTERFACE_ENTER_MSG','Введите здесь ваше сообщение','Enter your message here','Introduzca aquí su mensaje','Zde zadejte svou zprávu','Въведете вашето съобщение тук','Geben Sie hier Ihre Nachricht ein','Írja be az üzenetét ide','Хабарламаңызды осы жерге енгізіңіз',NULL,NULL,NULL,NULL,NULL,NULL),(805,'interface','INTERFACE_EDIT_THEME','Редактировать тему','Edit the topic','Editar el tema','Upravit téma','Редактирайте темата','Bearbeiten Sie das Thema','Szerkessze a témát','Тақырыпты өңдеңіз',NULL,NULL,NULL,NULL,NULL,NULL),(806,'interface','INTERFACE_CHANGE_CURATOR','Изменить куратора','Change the curator','Cambiar el curador','Změňte kurátora','Променете куратора','Ändern Sie den Kurator','Változtassa meg a kurátort','Кураторды өзгертіңіз',NULL,NULL,NULL,NULL,NULL,NULL),(807,'interface','INTERFACE_SEPARATION_OF_TICKET','Разделение тикета','Separation of a tiket','División de la apelación','Oddělení tiketu','Разделяне на тикет','Trennung eines Tiket','Egy tiket elválasztása','Тикет бөлінуі',NULL,NULL,NULL,NULL,NULL,NULL),(808,'interface','INTERFACE_NUMBER_OF_NEW_TICKET','Количество новых тикетов','The number of new tikets','El número de nuevos tikets','Počet nových Tiketů','Броят на новите тикове','Die Anzahl der neuen Tikets','Az új tiketek száma','Жаңа тикеттердің саны',NULL,NULL,NULL,NULL,NULL,NULL),(809,'interface','INTERFACE_CREATE_NEW_TICKET','Создать новые тикеты','Create new ticks','Crear nuevas apelaciones','Vytvořte nová klíšťata','Създайте нови кърлежи','Erstellen Sie neue Zecken','Hozzon létre új kullancsokat','Жаңа кенелер жасаңыз',NULL,NULL,NULL,NULL,NULL,NULL),(810,'interface','INTERFACE_ATTACHED_FILES','Прикрепленные файлы','Attached files','Archivos adjuntos','Přiložené soubory','Прикачени файлове','Angehängte Dokumente','Csatolt fájlok','Тіркелген файлдар',NULL,NULL,NULL,NULL,NULL,NULL),(811,'interface','INTERFACE_CREATE_TICKET','Создать обращение','Create an appeal','Crear una apelación','Vytvořit odvolání','Създайте обжалване','Eine Berufung erstellen','Hozzon létre fellebbezést','Апелляция жасаңыз',NULL,NULL,NULL,NULL,NULL,NULL),(812,'interface','INTERFACE_TRANSLATION','Переводы','Translations','Traducciones','Překlady','Преводи','Übersetzungen','Fordítások','Аударымдар',NULL,NULL,NULL,NULL,NULL,NULL),(813,'interface','INTERFACE_MY_REACTIONS','Мои реакции',NULL,NULL,NULL,NULL,NULL,NULL,NULL,NULL,NULL,NULL,NULL,NULL,NULL),(814,'interface','INTERFACE_PARTNER_STRUCTURE','Партнер/Стр-ра',NULL,NULL,NULL,NULL,NULL,NULL,NULL,NULL,NULL,NULL,NULL,NULL,NULL),(815,'interface','INTERFACE_NUMBER_OF_LINES','Количество строк',NULL,NULL,NULL,NULL,NULL,NULL,NULL,NULL,NULL,NULL,NULL,NULL,NULL),(816,'interface','INTERFACE_NO_TICKETS','У вас нет тикетов, чтобы создать обращение нажмите на кнопку',NULL,NULL,NULL,NULL,NULL,NULL,NULL,NULL,NULL,NULL,NULL,NULL,NULL),(817,'interface','INTERFACE_NEXT','Следующая',NULL,NULL,NULL,NULL,NULL,NULL,NULL,NULL,NULL,NULL,NULL,NULL,NULL),(818,'interface','INTERFACE_PREVIOUS','Предыдущая',NULL,NULL,NULL,NULL,NULL,NULL,NULL,NULL,NULL,NULL,NULL,NULL,NULL),(819,'interface','INTERFACE_MUST_AUTH','Необходимо авторизоваться',NULL,NULL,NULL,NULL,NULL,NULL,NULL,NULL,NULL,NULL,NULL,NULL,NULL),(820,'interface','INTERFACE_PARTNER_AUTH','Авторизоваться как партнер',NULL,NULL,NULL,NULL,NULL,NULL,NULL,NULL,NULL,NULL,NULL,NULL,NULL),(821,'interface','INTERFACE_LIKE','Понравилось',NULL,NULL,NULL,NULL,NULL,NULL,NULL,NULL,NULL,NULL,NULL,NULL,NULL),(822,'interface','INTERFACE_DISLIKE','Не понравилось',NULL,NULL,NULL,NULL,NULL,NULL,NULL,NULL,NULL,NULL,NULL,NULL,NULL),(823,'interface','INTERFACE_ERROR_MAX_FILE_SIZE','Максимальный размер файла - 10 Мб',NULL,NULL,NULL,NULL,NULL,NULL,NULL,NULL,NULL,NULL,NULL,NULL,NULL),(824,'interface','INTERFACE_ERROR_FILES_LIMIT','Вы можете загружать до 5 файлов',NULL,NULL,NULL,NULL,NULL,NULL,NULL,NULL,NULL,NULL,NULL,NULL,NULL),(825,'interface','INTERFACE_SELECT_THEME','Выберите тему',NULL,NULL,NULL,NULL,NULL,NULL,NULL,NULL,NULL,NULL,NULL,NULL,NULL),(826,'interface','INTERFACE_DESCRIBE_SITUATION','Опишите ситуацию',NULL,NULL,NULL,NULL,NULL,NULL,NULL,NULL,NULL,NULL,NULL,NULL,NULL),(827,'interface','INTERFACE_DESCRIBE_TITLE','Опишите тему вышей проблемы',NULL,NULL,NULL,NULL,NULL,NULL,NULL,NULL,NULL,NULL,NULL,NULL,NULL),(828,'interface','INTERFACE_TICKET_TITLE','Заголовок обращения',NULL,NULL,NULL,NULL,NULL,NULL,NULL,NULL,NULL,NULL,NULL,NULL,NULL),(829,'interface','INTERFACE_DELETE','Удалить',NULL,NULL,NULL,NULL,NULL,NULL,NULL,NULL,NULL,NULL,NULL,NULL,NULL),(830,'interface','INTERFACE_MESSAGE_CREATION_TICKET','Ваше обращение создано',NULL,NULL,NULL,NULL,NULL,NULL,NULL,NULL,NULL,NULL,NULL,NULL,NULL),(831,'interface','INTERFACE_MESSAGE_CREATION_TICKET_FULL','Ваше обращение принято в обработку, пожалуйста, ожидайте ответа (срок обработки заявки до 24 часов)',NULL,NULL,NULL,NULL,NULL,NULL,NULL,NULL,NULL,NULL,NULL,NULL,NULL),(832,'interface','INTERFACE_CLOSE','Закрыть',NULL,NULL,NULL,NULL,NULL,NULL,NULL,NULL,NULL,NULL,NULL,NULL,NULL),(875,'interface','INTERFACE_AUTH_HEADER','Авторизация в системе VERTERA',NULL,NULL,NULL,NULL,NULL,NULL,NULL,NULL,NULL,NULL,NULL,NULL,NULL),(876,'interface','INTERFACE_LOGIN','Логин',NULL,NULL,NULL,NULL,NULL,NULL,NULL,NULL,NULL,NULL,NULL,NULL,NULL),(877,'interface','INTERFACE_PASSWORD','Пароль',NULL,NULL,NULL,NULL,NULL,NULL,NULL,NULL,NULL,NULL,NULL,NULL,NULL),(878,'interface','INTERFACE_ERROR_AUTH','Неверный логин или пароль',NULL,NULL,NULL,NULL,NULL,NULL,NULL,NULL,NULL,NULL,NULL,NULL,NULL),(879,'interface','INTERFACE_CANCEL','Отмена',NULL,NULL,NULL,NULL,NULL,NULL,NULL,NULL,NULL,NULL,NULL,NULL,NULL),(880,'interface','INTERFACE_ENTER_NAME','Введите имя',NULL,NULL,NULL,NULL,NULL,NULL,NULL,NULL,NULL,NULL,NULL,NULL,NULL),(881,'interface','INTERFACE_ENTER_SURNAME','Введите фамилию',NULL,NULL,NULL,NULL,NULL,NULL,NULL,NULL,NULL,NULL,NULL,NULL,NULL),(882,'interface','INTERFACE_ENTER_PHONE','Введите номер телефона',NULL,NULL,NULL,NULL,NULL,NULL,NULL,NULL,NULL,NULL,NULL,NULL,NULL),(883,'interface','INTERFACE_CHOOSE_DATE_OF_BIRTH','Выберите дату рождения',NULL,NULL,NULL,NULL,NULL,NULL,NULL,NULL,NULL,NULL,NULL,NULL,NULL),(884,'interface','INTERFACE_CHOOSE_COUNTRY','Выберите страну',NULL,NULL,NULL,NULL,NULL,NULL,NULL,NULL,NULL,NULL,NULL,NULL,NULL),(885,'interface','INTERFACE_ENTER_LOGIN','Укажите логин',NULL,NULL,NULL,NULL,NULL,NULL,NULL,NULL,NULL,NULL,NULL,NULL,NULL),(886,'interface','INTERFACE_ENTER_PASSWORD','Укажите пароль',NULL,NULL,NULL,NULL,NULL,NULL,NULL,NULL,NULL,NULL,NULL,NULL,NULL),(887,'interface','INTERFACE_BAD_PASSWORD','Плохой пароль',NULL,NULL,NULL,NULL,NULL,NULL,NULL,NULL,NULL,NULL,NULL,NULL,NULL),(888,'interface','INTERFACE_SELECT_DEPARTMENT','Выберите департамент',NULL,NULL,NULL,NULL,NULL,NULL,NULL,NULL,NULL,NULL,NULL,NULL,NULL),(889,'interface','INTERFACE_SELECT_JOB_TITLE','Выберите должность',NULL,NULL,NULL,NULL,NULL,NULL,NULL,NULL,NULL,NULL,NULL,NULL,NULL),(890,'interface','INTERFACE_ERROR_ADD_CURATOR','Ошибка при добавлении куратора',NULL,NULL,NULL,NULL,NULL,NULL,NULL,NULL,NULL,NULL,NULL,NULL,NULL),(891,'interface','INTERFACE_PATRONYMIC_PRESENCE','Отчество (при наличии)',NULL,NULL,NULL,NULL,NULL,NULL,NULL,NULL,NULL,NULL,NULL,NULL,NULL),(892,'interface','INTERFACE_PHONE','Номер телефона',NULL,NULL,NULL,NULL,NULL,NULL,NULL,NULL,NULL,NULL,NULL,NULL,NULL),(893,'interface','INTERFACE_MESSAGE_ADD_CURATOR','Куратор создан',NULL,NULL,NULL,NULL,NULL,NULL,NULL,NULL,NULL,NULL,NULL,NULL,NULL),(894,'interface','INTERFACE_MESSAGE_ADD_CURATOR_FULL','Новый куратор успешно добавлен',NULL,NULL,NULL,NULL,NULL,NULL,NULL,NULL,NULL,NULL,NULL,NULL,NULL),(903,'interface','INTERFACE_ENTER_SUBTHEME_TITLE','Укажите название подтемы',NULL,NULL,NULL,NULL,NULL,NULL,NULL,NULL,NULL,NULL,NULL,NULL,NULL),(904,'interface','INTERFACE_ERROR_NEGATIVE_SORT','Порядок сортировки не может быть отрицательным',NULL,NULL,NULL,NULL,NULL,NULL,NULL,NULL,NULL,NULL,NULL,NULL,NULL),(905,'interface','INTERFACE_ERROR_ADD_SUBTHEME','Ошибка при добавлении подтемы',NULL,NULL,NULL,NULL,NULL,NULL,NULL,NULL,NULL,NULL,NULL,NULL,NULL),(906,'interface','INTERFACE_ADD_SUBTHEME','Добавить подтему',NULL,NULL,NULL,NULL,NULL,NULL,NULL,NULL,NULL,NULL,NULL,NULL,NULL),(907,'interface','INTERFACE_SUBTHEME_TITLE','Название подтемы',NULL,NULL,NULL,NULL,NULL,NULL,NULL,NULL,NULL,NULL,NULL,NULL,NULL),(908,'interface','INTERFACE_MESSAGE_SUBTHEME_CREATION','Подтема создана',NULL,NULL,NULL,NULL,NULL,NULL,NULL,NULL,NULL,NULL,NULL,NULL,NULL),(909,'interface','INTERFACE_MESSAGE_SUBTHEME_CREATION_FULL','Новая подтема успешно создана',NULL,NULL,NULL,NULL,NULL,NULL,NULL,NULL,NULL,NULL,NULL,NULL,NULL),(910,'country','COUNTRY_875JWBF57C74BDD3556858914C505ED5','Германия',NULL,NULL,NULL,NULL,NULL,NULL,NULL,NULL,NULL,NULL,NULL,NULL,NULL),(911,'country','COUNTRY_G32BYQF57C74BDD3556858914C505ED5','Венгрия',NULL,NULL,NULL,NULL,NULL,NULL,NULL,NULL,NULL,NULL,NULL,NULL,NULL),(912,'country','COUNTRY_PER65NF57C74BDD3556858914C505ED5','Казахстан',NULL,NULL,NULL,NULL,NULL,NULL,NULL,NULL,NULL,NULL,NULL,NULL,NULL),(913,'ticketStatus','TICKETSTATUS_FEC7181AD224BDD6DFE9F161E960C936','Уведомление','Notification',NULL,NULL,NULL,NULL,NULL,NULL,NULL,NULL,NULL,NULL,NULL,NULL),(915,'ticketStatus','TICKETSTATUS_B8C1135E8E7C840E57A0F98D3946C574','У наставника',NULL,NULL,NULL,NULL,NULL,NULL,NULL,NULL,NULL,NULL,NULL,NULL,NULL),(917,'theme','THEME_2A6F0989518B45C897A77C1FE08DE7B5','12321',NULL,NULL,NULL,NULL,NULL,NULL,NULL,NULL,NULL,NULL,NULL,NULL,NULL),(919,'country','COUNTRY_861D144FE23C679955458AC9EAC30F4C','123',NULL,NULL,NULL,NULL,NULL,NULL,NULL,NULL,NULL,NULL,NULL,NULL,NULL),(920,'department','DEPARTMENT_C408D1E2F8423D64B6B1C0524FECB1D5','Kondrashina',NULL,NULL,NULL,NULL,NULL,NULL,NULL,NULL,NULL,NULL,NULL,NULL,NULL),(921,'department','DEPARTMENT_A9595A0F090FD8A61900D88AA3217048','Kurilova',NULL,NULL,NULL,NULL,NULL,NULL,NULL,NULL,NULL,NULL,NULL,NULL,NULL),(922,'department','DEPARTMENT_9DCB261295F636047F0E93F3C0FE8364','Belyakova',NULL,NULL,NULL,NULL,NULL,NULL,NULL,NULL,NULL,NULL,NULL,NULL,NULL),(923,'department','DEPARTMENT_6ECF6658748B108418151C05779F35E3','Zhigulev',NULL,NULL,NULL,NULL,NULL,NULL,NULL,NULL,NULL,NULL,NULL,NULL,NULL),(924,'department','DEPARTMENT_E1196EB449BBC2873930D7EE7FDF817C','Zemlyakova',NULL,NULL,NULL,NULL,NULL,NULL,NULL,NULL,NULL,NULL,NULL,NULL,NULL),(925,'department','DEPARTMENT_1B62195A641606FFA6B422E38D4BDA49','Gavrilova',NULL,NULL,NULL,NULL,NULL,NULL,NULL,NULL,NULL,NULL,NULL,NULL,NULL),(926,'department','DEPARTMENT_243A1D6E04646079B4FC6900409AF033','Rudneva',NULL,NULL,NULL,NULL,NULL,NULL,NULL,NULL,NULL,NULL,NULL,NULL,NULL),(927,'department','DEPARTMENT_BAD1F8E6B9F018E2555E8E9E16B63D1B','Krasnoseltseva',NULL,NULL,NULL,NULL,NULL,NULL,NULL,NULL,NULL,NULL,NULL,NULL,NULL),(928,'department','DEPARTMENT_DF9CC9F859ECBAC6812E10D456B741EE','Naurova',NULL,NULL,NULL,NULL,NULL,NULL,NULL,NULL,NULL,NULL,NULL,NULL,NULL),(929,'department','DEPARTMENT_BB57DF444C56488604225730E935593A','Goncharova',NULL,NULL,NULL,NULL,NULL,NULL,NULL,NULL,NULL,NULL,NULL,NULL,NULL),(930,'unit','UNIT_BD36D08CA319E1C6CFC8A481003CDB1E','Партнерам/Клиентам',NULL,NULL,NULL,NULL,NULL,NULL,NULL,NULL,NULL,NULL,NULL,NULL,NULL),(931,'unit','UNIT_D0E8CA2112F89ECE0C49FFF52A06DD9C','Держателям офиса',NULL,NULL,NULL,NULL,NULL,NULL,NULL,NULL,NULL,NULL,NULL,NULL,NULL),(932,'theme','THEME_7C65FD433467D77082234C5A0E6D14DB','Маркетинг план',NULL,NULL,NULL,NULL,NULL,NULL,NULL,NULL,NULL,NULL,NULL,NULL,NULL),(933,'department','DEPARTMENT_16A6D8BF4C03DBC408DE155522EB21AC','Technical dep',NULL,NULL,NULL,NULL,NULL,NULL,NULL,NULL,NULL,NULL,NULL,NULL,NULL),(934,'theme','THEME_FE30E991B6FDFFE00959D6DC3BE84D45','Прочие вопросы (удалить)',NULL,NULL,NULL,NULL,NULL,NULL,NULL,NULL,NULL,NULL,NULL,NULL,NULL),(935,'theme','THEME_4E41CBDFAC07B182CFFDABDB13402B03','Пожелания и предложения (удалить)',NULL,NULL,NULL,NULL,NULL,NULL,NULL,NULL,NULL,NULL,NULL,NULL,NULL),(936,'theme','THEME_F6FAD9597AFBE29CBC372DB307556308','Акции\\Промоушены',NULL,NULL,NULL,NULL,NULL,NULL,NULL,NULL,NULL,NULL,NULL,NULL,NULL),(937,'theme','THEME_818246AFBD06B47C0A29C1ADE31C9A7B','Вопросы по продукции',NULL,NULL,NULL,NULL,NULL,NULL,NULL,NULL,NULL,NULL,NULL,NULL,NULL),(938,'theme','THEME_6B2067C4B2A58D1F71D0748BCDF68A91','Оплата заказа',NULL,NULL,NULL,NULL,NULL,NULL,NULL,NULL,NULL,NULL,NULL,NULL,NULL),(939,'theme','THEME_9768522C132DCF3CAA22070A4D837EE5','Бонусные вознаграждения',NULL,NULL,NULL,NULL,NULL,NULL,NULL,NULL,NULL,NULL,NULL,NULL,NULL),(940,'theme','THEME_F4AAE1D4AD0B2E33FAD3F7EEE7D422D8','Личные данные',NULL,NULL,NULL,NULL,NULL,NULL,NULL,NULL,NULL,NULL,NULL,NULL,NULL),(941,'theme','THEME_43854DF8EF10C0F7415657B350AC7149','Вопросы по структуре',NULL,NULL,NULL,NULL,NULL,NULL,NULL,NULL,NULL,NULL,NULL,NULL,NULL),(942,'theme','THEME_9EFA1288CAEE7C6EEF91BEF4DE0F8DD9','Вопросы по ведению бизнеса',NULL,NULL,NULL,NULL,NULL,NULL,NULL,NULL,NULL,NULL,NULL,NULL,NULL),(943,'theme','THEME_8A5484DA772049789680A1E6F3E3D012','Вопросы по отправленному заказу',NULL,NULL,NULL,NULL,NULL,NULL,NULL,NULL,NULL,NULL,NULL,NULL,NULL),(944,'theme','THEME_8FCB1AE1DFBB7A4B1D4614C64AF9880C','Изменение заказа (не отправленный)',NULL,NULL,NULL,NULL,NULL,NULL,NULL,NULL,NULL,NULL,NULL,NULL,NULL),(945,'theme','THEME_868C48F5AE8A26308E36B4ED592AD87E','WRT Токены',NULL,NULL,NULL,NULL,NULL,NULL,NULL,NULL,NULL,NULL,NULL,NULL,NULL),(946,'theme','THEME_51CD48AB822DE9116B28AB945A60AD21','Платформа D-INVEST',NULL,NULL,NULL,NULL,NULL,NULL,NULL,NULL,NULL,NULL,NULL,NULL,NULL),(947,'theme','THEME_3DC2AEA1C667E07202D659E26E0239A4','Прочие вопросы о Компании',NULL,NULL,NULL,NULL,NULL,NULL,NULL,NULL,NULL,NULL,NULL,NULL,NULL),(948,'theme','THEME_FD3C728B7D9D69E1389BF5CEF9382EAF','Уведомление о системной ошибке',NULL,NULL,NULL,NULL,NULL,NULL,NULL,NULL,NULL,NULL,NULL,NULL,NULL),(949,'theme','THEME_2A2D0DEB7EA43F00845D25BE0CE627AF','Открытие Центра Обслуживания',NULL,NULL,NULL,NULL,NULL,NULL,NULL,NULL,NULL,NULL,NULL,NULL,NULL),(950,'theme','THEME_DCD69DFE909C579B67BCC9C2561AC0EF','Изменение данных',NULL,NULL,NULL,NULL,NULL,NULL,NULL,NULL,NULL,NULL,NULL,NULL,NULL),(951,'theme','THEME_FE3422EB73B4EC521D12E7457428C679','Продукты',NULL,NULL,NULL,NULL,NULL,NULL,NULL,NULL,NULL,NULL,NULL,NULL,NULL),(952,'theme','THEME_21A3851291D6606B08FD0415B523289E','Финансы',NULL,NULL,NULL,NULL,NULL,NULL,NULL,NULL,NULL,NULL,NULL,NULL,NULL),(953,'theme','THEME_726A90F88C98D21B353FAC02B23DC036','Поставка',NULL,NULL,NULL,NULL,NULL,NULL,NULL,NULL,NULL,NULL,NULL,NULL,NULL),(954,'theme','THEME_8B4697885D931DEEE626AEF51C395FD4','Учёт остатков товара',NULL,NULL,NULL,NULL,NULL,NULL,NULL,NULL,NULL,NULL,NULL,NULL,NULL),(955,'theme','THEME_1E559DCB36A27E0F16234E6DCE5669D1','Закрытие офиса',NULL,NULL,NULL,NULL,NULL,NULL,NULL,NULL,NULL,NULL,NULL,NULL,NULL),(956,'theme','THEME_CBDB224EC50E9D46519BAF5EDADE0975','Прочие вопросы и предложения',NULL,NULL,NULL,NULL,NULL,NULL,NULL,NULL,NULL,NULL,NULL,NULL,NULL),(957,'theme','THEME_CB3BDFD6EBB9094ED0AD9D57B769F037','Уведомление о системной ошибке',NULL,NULL,NULL,NULL,NULL,NULL,NULL,NULL,NULL,NULL,NULL,NULL,NULL),(958,'subTheme','SUBTHEME_112323DCC3B28D963061CE4B28AE2F30','Уточнение деталей Маркетинг плана',NULL,NULL,NULL,NULL,NULL,NULL,NULL,NULL,NULL,NULL,NULL,NULL,NULL),(959,'subTheme','SUBTHEME_5664D1111101DAECF4F1C875EED3E187','Прочие вопросы',NULL,NULL,NULL,NULL,NULL,NULL,NULL,NULL,NULL,NULL,NULL,NULL,NULL),(960,'subTheme','SUBTHEME_F1F48DE20D507B92B5EBF31BD2158CCE','Пожелания и предложения',NULL,NULL,NULL,NULL,NULL,NULL,NULL,NULL,NULL,NULL,NULL,NULL,NULL),(961,'subTheme','SUBTHEME_80C0818DA03BC52A942B392AD7954D72','Консультация по условиям Акции',NULL,NULL,NULL,NULL,NULL,NULL,NULL,NULL,NULL,NULL,NULL,NULL,NULL),(962,'subTheme','SUBTHEME_89E4C6B78AA21F918937AA4BC1447061','Не получил подарок по Акции',NULL,NULL,NULL,NULL,NULL,NULL,NULL,NULL,NULL,NULL,NULL,NULL,NULL),(963,'subTheme','SUBTHEME_66E8B39DDE785EB0FAE2F6BE34B60F4F','Прочие вопросы',NULL,NULL,NULL,NULL,NULL,NULL,NULL,NULL,NULL,NULL,NULL,NULL,NULL),(964,'subTheme','SUBTHEME_7E20794F2064FB0CFF34EA591AB9A47E','Прочие вопросы',NULL,NULL,NULL,NULL,NULL,NULL,NULL,NULL,NULL,NULL,NULL,NULL,NULL),(965,'subTheme','SUBTHEME_9A05454BFE3754583E04568750D4CCFD','Помощь с доступом в личный кабинет',NULL,NULL,NULL,NULL,NULL,NULL,NULL,NULL,NULL,NULL,NULL,NULL,NULL),(966,'subTheme','SUBTHEME_C51FE5B76832AA4777F89B43546A371F','Оплата заказа кэшбэк',NULL,NULL,NULL,NULL,NULL,NULL,NULL,NULL,NULL,NULL,NULL,NULL,NULL),(967,'subTheme','SUBTHEME_DB825F8647FFBD0BCAB9AE7BB689BC27','Прочие вопросы',NULL,NULL,NULL,NULL,NULL,NULL,NULL,NULL,NULL,NULL,NULL,NULL,NULL),(968,'subTheme','SUBTHEME_562BE5721A79D573EA877515BA196872','Пожелания и предложения',NULL,NULL,NULL,NULL,NULL,NULL,NULL,NULL,NULL,NULL,NULL,NULL,NULL),(969,'subTheme','SUBTHEME_167BA5046D570BC8337FB8D850DD4F93','Оплата заказа токенами',NULL,NULL,NULL,NULL,NULL,NULL,NULL,NULL,NULL,NULL,NULL,NULL,NULL),(970,'subTheme','SUBTHEME_EE399E276A6FDFEBABAB6544137D0BEE','Пожелания и предложения',NULL,NULL,NULL,NULL,NULL,NULL,NULL,NULL,NULL,NULL,NULL,NULL,NULL),(971,'subTheme','SUBTHEME_72E963F64CC5824B4DDBC43025573CDD','Пожелания и предложения',NULL,NULL,NULL,NULL,NULL,NULL,NULL,NULL,NULL,NULL,NULL,NULL,NULL),(972,'subTheme','SUBTHEME_F94FECC1F3C1C61A84154DC7560429FB','Не проходит оплата',NULL,NULL,NULL,NULL,NULL,NULL,NULL,NULL,NULL,NULL,NULL,NULL,NULL),(973,'subTheme','SUBTHEME_99B43560336552BF1E5FD2588FBC50E1','Активация кошелька',NULL,NULL,NULL,NULL,NULL,NULL,NULL,NULL,NULL,NULL,NULL,NULL,NULL),(974,'subTheme','SUBTHEME_75A22CE35B9B25D0F52C4F2EDCEF00FD','Перевод токенов',NULL,NULL,NULL,NULL,NULL,NULL,NULL,NULL,NULL,NULL,NULL,NULL,NULL),(975,'subTheme','SUBTHEME_04C7F4AD5170B0929906763C5E4B2E63','Подтверждение Партнерского соглашения',NULL,NULL,NULL,NULL,NULL,NULL,NULL,NULL,NULL,NULL,NULL,NULL,NULL),(976,'subTheme','SUBTHEME_EE13E767986BE5F643343E09E5A5C44A','Пожелания и предложения',NULL,NULL,NULL,NULL,NULL,NULL,NULL,NULL,NULL,NULL,NULL,NULL,NULL),(977,'subTheme','SUBTHEME_CB8D9E7166F2E544909890FFED447FF7','Не проходит оплата',NULL,NULL,NULL,NULL,NULL,NULL,NULL,NULL,NULL,NULL,NULL,NULL,NULL),(978,'subTheme','SUBTHEME_1FB2FA19451ED622E583853D490C723A','Международные Рынки',NULL,NULL,NULL,NULL,NULL,NULL,NULL,NULL,NULL,NULL,NULL,NULL,NULL),(979,'subTheme','SUBTHEME_58154CEBC5A3643C6EDBF92B6EC24EDC','Начисление дохода',NULL,NULL,NULL,NULL,NULL,NULL,NULL,NULL,NULL,NULL,NULL,NULL,NULL),(980,'subTheme','SUBTHEME_5533C9FE8FFA32F710422BF29AC749CA','Выплата дохода\\Акты',NULL,NULL,NULL,NULL,NULL,NULL,NULL,NULL,NULL,NULL,NULL,NULL,NULL),(981,'subTheme','SUBTHEME_0DA0D9DAF38DEA1121E630118DB5ADCF','Этический кодекс',NULL,NULL,NULL,NULL,NULL,NULL,NULL,NULL,NULL,NULL,NULL,NULL,NULL),(982,'subTheme','SUBTHEME_11F3396FA61A263B2C1E098374093BC1','Изменение данных профиля',NULL,NULL,NULL,NULL,NULL,NULL,NULL,NULL,NULL,NULL,NULL,NULL,NULL),(983,'subTheme','SUBTHEME_3CA74EFBCFF5B61E737839C796371856','Прочие вопросы',NULL,NULL,NULL,NULL,NULL,NULL,NULL,NULL,NULL,NULL,NULL,NULL,NULL),(984,'subTheme','SUBTHEME_8244C1ADCF034C13E97B3644FB4E4FA9','Поиск Информации',NULL,NULL,NULL,NULL,NULL,NULL,NULL,NULL,NULL,NULL,NULL,NULL,NULL),(985,'subTheme','SUBTHEME_5248A47B7642CB605835229D8E614A2C','Пожелания и предложения',NULL,NULL,NULL,NULL,NULL,NULL,NULL,NULL,NULL,NULL,NULL,NULL,NULL),(986,'subTheme','SUBTHEME_262BAB4A04FE9962992CBEE69A9A5467','Удаление личных данных',NULL,NULL,NULL,NULL,NULL,NULL,NULL,NULL,NULL,NULL,NULL,NULL,NULL),(987,'subTheme','SUBTHEME_A916065452E40F8DC4F03F750171A5B3','Пожелания и предложения',NULL,NULL,NULL,NULL,NULL,NULL,NULL,NULL,NULL,NULL,NULL,NULL,NULL),(988,'subTheme','SUBTHEME_EE10F6D959B4A0E4E20502D6DFA52675','Вопрос по квалификации',NULL,NULL,NULL,NULL,NULL,NULL,NULL,NULL,NULL,NULL,NULL,NULL,NULL),(989,'subTheme','SUBTHEME_317E74B70E331577D04B76C7724BC296','Прочие вопросы (удалено)',NULL,NULL,NULL,NULL,NULL,NULL,NULL,NULL,NULL,NULL,NULL,NULL,NULL),(990,'subTheme','SUBTHEME_CE633E222ECC2BD9A71BA0DE1CEADCB2','Прочие вопросы',NULL,NULL,NULL,NULL,NULL,NULL,NULL,NULL,NULL,NULL,NULL,NULL,NULL),(991,'subTheme','SUBTHEME_48140187B54A21FF4C23ADF2BAAAF544','Изменение доверенного ЦО',NULL,NULL,NULL,NULL,NULL,NULL,NULL,NULL,NULL,NULL,NULL,NULL,NULL),(992,'subTheme','SUBTHEME_CF50E490E3DEB757CE52853242EC0F3B','Выплата бонусов',NULL,NULL,NULL,NULL,NULL,NULL,NULL,NULL,NULL,NULL,NULL,NULL,NULL),(993,'subTheme','SUBTHEME_452843B12CB48A40713ADFE8675EC705','Переоформление/передача ID номера',NULL,NULL,NULL,NULL,NULL,NULL,NULL,NULL,NULL,NULL,NULL,NULL,NULL),(994,'subTheme','SUBTHEME_6931DDBC3744B483B285D59C0DC154F5','Пожелания и предложения (удален)',NULL,NULL,NULL,NULL,NULL,NULL,NULL,NULL,NULL,NULL,NULL,NULL,NULL),(995,'subTheme','SUBTHEME_0F008331584FC368B9D38F18AA214714','Пожелания и предложения (удалено)',NULL,NULL,NULL,NULL,NULL,NULL,NULL,NULL,NULL,NULL,NULL,NULL,NULL),(996,'subTheme','SUBTHEME_E33D41E17A8AA6C962A3D3E8A878E5F4','Пожелания и предложения (Удалено)',NULL,NULL,NULL,NULL,NULL,NULL,NULL,NULL,NULL,NULL,NULL,NULL,NULL),(997,'subTheme','SUBTHEME_C1AC644867951241E9835DCA02A92457','Списать бонусы в счёт оплаты заказа',NULL,NULL,NULL,NULL,NULL,NULL,NULL,NULL,NULL,NULL,NULL,NULL,NULL),(998,'subTheme','SUBTHEME_FC66221802D1EC8F178EF443E7A2CFA9','Инвентаризация остатков',NULL,NULL,NULL,NULL,NULL,NULL,NULL,NULL,NULL,NULL,NULL,NULL,NULL),(999,'subTheme','SUBTHEME_9EE3F5A5A8C739A220BA3C7D995DFC31','Информация о продукте',NULL,NULL,NULL,NULL,NULL,NULL,NULL,NULL,NULL,NULL,NULL,NULL,NULL),(1000,'subTheme','SUBTHEME_6ABE68C3C4DCD756A86B3CB457F25325','Отмена заказа',NULL,NULL,NULL,NULL,NULL,NULL,NULL,NULL,NULL,NULL,NULL,NULL,NULL),(1001,'subTheme','SUBTHEME_9B3B1B7E213F793386979F3DD95D997E','Акт списания продукта',NULL,NULL,NULL,NULL,NULL,NULL,NULL,NULL,NULL,NULL,NULL,NULL,NULL),(1002,'subTheme','SUBTHEME_2BFC37D3A16C6D983F8637590E2F7032','Прочие вопросы (Удалено)',NULL,NULL,NULL,NULL,NULL,NULL,NULL,NULL,NULL,NULL,NULL,NULL,NULL),(1003,'subTheme','SUBTHEME_1263E369BE785754C7C7E7BB9B7FED25','Прочие вопросы',NULL,NULL,NULL,NULL,NULL,NULL,NULL,NULL,NULL,NULL,NULL,NULL,NULL),(1004,'subTheme','SUBTHEME_F7A4C4151164F4BF2068B66BA8647689','Прочие вопросы',NULL,NULL,NULL,NULL,NULL,NULL,NULL,NULL,NULL,NULL,NULL,NULL,NULL),(1005,'subTheme','SUBTHEME_E82CFB1C3B2958839469EA5AB3AA4CA4','Начисление бонусов',NULL,NULL,NULL,NULL,NULL,NULL,NULL,NULL,NULL,NULL,NULL,NULL,NULL),(1006,'subTheme','SUBTHEME_56D368B0448816E74FE16781EEDC8279','Не верно указан адрес/получатель',NULL,NULL,NULL,NULL,NULL,NULL,NULL,NULL,NULL,NULL,NULL,NULL,NULL),(1007,'subTheme','SUBTHEME_4F7543664A80E893497309FE56AC96AC','Контроль качества продукции',NULL,NULL,NULL,NULL,NULL,NULL,NULL,NULL,NULL,NULL,NULL,NULL,NULL),(1008,'subTheme','SUBTHEME_7520D4847EBFFFEC859347A2B9C7E00B','Контроль качества',NULL,NULL,NULL,NULL,NULL,NULL,NULL,NULL,NULL,NULL,NULL,NULL,NULL),(1009,'subTheme','SUBTHEME_E4B6DE416036869483904E4C1BE5B2F0','Пожелания и предложения',NULL,NULL,NULL,NULL,NULL,NULL,NULL,NULL,NULL,NULL,NULL,NULL,NULL),(1010,'subTheme','SUBTHEME_F2B7868F3E1278BEA66675AA6418953B','Описание ситуации',NULL,NULL,NULL,NULL,NULL,NULL,NULL,NULL,NULL,NULL,NULL,NULL,NULL),(1011,'subTheme','SUBTHEME_140623E2A9AE094834274A96DF25E926','Коррекция по бинару',NULL,NULL,NULL,NULL,NULL,NULL,NULL,NULL,NULL,NULL,NULL,NULL,NULL),(1012,'subTheme','SUBTHEME_267CE5572B516D320B07664638CBA04F','Информация о Продукте',NULL,NULL,NULL,NULL,NULL,NULL,NULL,NULL,NULL,NULL,NULL,NULL,NULL),(1013,'subTheme','SUBTHEME_E6C2BF88D922186DFDFB7AA8D562242C','Оплата заказа бонусами (удалено)',NULL,NULL,NULL,NULL,NULL,NULL,NULL,NULL,NULL,NULL,NULL,NULL,NULL),(1014,'subTheme','SUBTHEME_F2096C7658D27713142404CCF4EEC168','Пожелания и предложения',NULL,NULL,NULL,NULL,NULL,NULL,NULL,NULL,NULL,NULL,NULL,NULL,NULL),(1015,'subTheme','SUBTHEME_DE6EDB5D9B3CB3C3213BFE45C1E3BABC','Условия открытия ЦО',NULL,NULL,NULL,NULL,NULL,NULL,NULL,NULL,NULL,NULL,NULL,NULL,NULL),(1016,'subTheme','SUBTHEME_B2FDC8028EFBD30AD9BC160CFD24C282','Коррекция Наставника',NULL,NULL,NULL,NULL,NULL,NULL,NULL,NULL,NULL,NULL,NULL,NULL,NULL),(1017,'subTheme','SUBTHEME_E31D7CA64C7565B3A3B6157D545E5399','Прочие вопросы',NULL,NULL,NULL,NULL,NULL,NULL,NULL,NULL,NULL,NULL,NULL,NULL,NULL),(1018,'subTheme','SUBTHEME_B8CA67F1A7EA654648ABDD9018F03EB2','Коррекция бинарного статуса',NULL,NULL,NULL,NULL,NULL,NULL,NULL,NULL,NULL,NULL,NULL,NULL,NULL),(1019,'subTheme','SUBTHEME_A77DDA0147EB696AE53800A9351F643C','Пожелания и предложения (удалено)',NULL,NULL,NULL,NULL,NULL,NULL,NULL,NULL,NULL,NULL,NULL,NULL,NULL),(1020,'subTheme','SUBTHEME_9892CCC53CEC234F2B027BB61D06D2CE','Прочие вопросы',NULL,NULL,NULL,NULL,NULL,NULL,NULL,NULL,NULL,NULL,NULL,NULL,NULL),(1021,'subTheme','SUBTHEME_CA4B77E7A25BE0A66050096EE9F53545','Оформление ЦО',NULL,NULL,NULL,NULL,NULL,NULL,NULL,NULL,NULL,NULL,NULL,NULL,NULL),(1022,'subTheme','SUBTHEME_54046C537642ED155DD26D51B9EEC815','Прочие вопросы (удалено)',NULL,NULL,NULL,NULL,NULL,NULL,NULL,NULL,NULL,NULL,NULL,NULL,NULL),(1023,'subTheme','SUBTHEME_1F7C328D0888F383DA6EA96E0414F257','Прочие вопросы',NULL,NULL,NULL,NULL,NULL,NULL,NULL,NULL,NULL,NULL,NULL,NULL,NULL),(1024,'subTheme','SUBTHEME_A1098DA91C7537CDB22F442681311B64','Открытие Центра Обслуживания (удалено)',NULL,NULL,NULL,NULL,NULL,NULL,NULL,NULL,NULL,NULL,NULL,NULL,NULL),(1025,'subTheme','SUBTHEME_C0A6ADA688AD5BCCD851C6698370EF0F','Заказ не получен',NULL,NULL,NULL,NULL,NULL,NULL,NULL,NULL,NULL,NULL,NULL,NULL,NULL),(1026,'subTheme','SUBTHEME_CEFA90A4CF4114D70D47C281202FFCFC','Пожелания и предложения',NULL,NULL,NULL,NULL,NULL,NULL,NULL,NULL,NULL,NULL,NULL,NULL,NULL),(1027,'subTheme','SUBTHEME_CF1D4D0FB06E4617EF4D8DA30ED62641','Помощь с доступом в личный кабинет (удалено)',NULL,NULL,NULL,NULL,NULL,NULL,NULL,NULL,NULL,NULL,NULL,NULL,NULL),(1028,'subTheme','SUBTHEME_81BFD81194D4D60768EFDECF8807C2AE','Пожелания и предложения',NULL,NULL,NULL,NULL,NULL,NULL,NULL,NULL,NULL,NULL,NULL,NULL,NULL),(1029,'subTheme','SUBTHEME_68FD96CE1692104D05585F95F2C4F080','Заказ пришел не в том объёме',NULL,NULL,NULL,NULL,NULL,NULL,NULL,NULL,NULL,NULL,NULL,NULL,NULL),(1030,'subTheme','SUBTHEME_BFA30BE3B1FD2EB3CA47F1D57A8C887D','Открыть/Закрыть продукт на ЦО',NULL,NULL,NULL,NULL,NULL,NULL,NULL,NULL,NULL,NULL,NULL,NULL,NULL),(1031,'subTheme','SUBTHEME_C62F3EDA9278CB4A8949343ECF48A127','Правила закрытия ЦО',NULL,NULL,NULL,NULL,NULL,NULL,NULL,NULL,NULL,NULL,NULL,NULL,NULL),(1032,'subTheme','SUBTHEME_B06AF4DB1B5F20B2689535FE8F173692','Пожелания и предложения (Удалено)',NULL,NULL,NULL,NULL,NULL,NULL,NULL,NULL,NULL,NULL,NULL,NULL,NULL),(1033,'subTheme','SUBTHEME_059C6A0E31B112F7C9FB2FCA9492C17A','Прочие вопросы (удалено)',NULL,NULL,NULL,NULL,NULL,NULL,NULL,NULL,NULL,NULL,NULL,NULL,NULL),(1034,'subTheme','SUBTHEME_8B662A618FC25BF9DA34FEA7FED6304D','Пожелания и предложения (удалено)',NULL,NULL,NULL,NULL,NULL,NULL,NULL,NULL,NULL,NULL,NULL,NULL,NULL),(1035,'subTheme','SUBTHEME_0BB545155FD2EAE6CBAD539A9CD22970','Контроль качества продукции',NULL,NULL,NULL,NULL,NULL,NULL,NULL,NULL,NULL,NULL,NULL,NULL,NULL),(1036,'subTheme','SUBTHEME_1404A2637E572A57DFACB1B02A9D3AC1','Заявка на вывод средств',NULL,NULL,NULL,NULL,NULL,NULL,NULL,NULL,NULL,NULL,NULL,NULL,NULL),(1037,'subTheme','SUBTHEME_905E0E38251F10AD31175D79ADA93A62','Описание ситуации',NULL,NULL,NULL,NULL,NULL,NULL,NULL,NULL,NULL,NULL,NULL,NULL,NULL),(1038,'subTheme','SUBTHEME_75F9103D40F813B8770E9D483314863F','Договор',NULL,NULL,NULL,NULL,NULL,NULL,NULL,NULL,NULL,NULL,NULL,NULL,NULL),(1039,'subTheme','SUBTHEME_8AFE3A08DED74B67CE75E043C6657434','Наличие продукции (удалено)',NULL,NULL,NULL,NULL,NULL,NULL,NULL,NULL,NULL,NULL,NULL,NULL,NULL),(1040,'subTheme','SUBTHEME_DA0933C050101F3128403751940A4EB7','Заказ пришел не в том объёме (удалено)',NULL,NULL,NULL,NULL,NULL,NULL,NULL,NULL,NULL,NULL,NULL,NULL,NULL),(1041,'subTheme','SUBTHEME_D8036106C905C3A39F8C91A14477A149','Контакты/Адрес',NULL,NULL,NULL,NULL,NULL,NULL,NULL,NULL,NULL,NULL,NULL,NULL,NULL),(1042,'subTheme','SUBTHEME_28083FAAE0708113974A788D9166EE01','Прочие вопросы (удалено)',NULL,NULL,NULL,NULL,NULL,NULL,NULL,NULL,NULL,NULL,NULL,NULL,NULL),(1043,'subTheme','SUBTHEME_00EED2D375B97C21DE9A9C05520378A2','Товарные лимиты',NULL,NULL,NULL,NULL,NULL,NULL,NULL,NULL,NULL,NULL,NULL,NULL,NULL),(1044,'subTheme','SUBTHEME_CE2FF7EEA36D6828ED203B361F0D1C6A','Пожелания и предложения',NULL,NULL,NULL,NULL,NULL,NULL,NULL,NULL,NULL,NULL,NULL,NULL,NULL),(1045,'subTheme','SUBTHEME_962F938896C374F7ED6859ED3A4D8739','Поиск Информации',NULL,NULL,NULL,NULL,NULL,NULL,NULL,NULL,NULL,NULL,NULL,NULL,NULL),(1046,'subTheme','SUBTHEME_14D320266D2F54F69318A09F475DC8B5','Пожелания и предложения',NULL,NULL,NULL,NULL,NULL,NULL,NULL,NULL,NULL,NULL,NULL,NULL,NULL),(1047,'subTheme','SUBTHEME_7DB8B018864CEF6DC7DF37960B0A20E4','Прочие вопросы',NULL,NULL,NULL,NULL,NULL,NULL,NULL,NULL,NULL,NULL,NULL,NULL,NULL),(1048,'subTheme','SUBTHEME_EBCE1169C59BC08963D432D7FDF04280','Не верно указан адрес/получатель',NULL,NULL,NULL,NULL,NULL,NULL,NULL,NULL,NULL,NULL,NULL,NULL,NULL),(1049,'subTheme','SUBTHEME_649CA943CF032B45F483C93AC33CF8EB','Пожелания и предложения',NULL,NULL,NULL,NULL,NULL,NULL,NULL,NULL,NULL,NULL,NULL,NULL,NULL),(1050,'subTheme','SUBTHEME_4C55CD7110345EA10A620F9E4FA36A13','Прочие вопросы (Удален)',NULL,NULL,NULL,NULL,NULL,NULL,NULL,NULL,NULL,NULL,NULL,NULL,NULL),(1051,'subTheme','SUBTHEME_819F5CFEC48F5A4C953EE8747DA2FB33','Новая поставка',NULL,NULL,NULL,NULL,NULL,NULL,NULL,NULL,NULL,NULL,NULL,NULL,NULL),(1052,'subTheme','SUBTHEME_25FAF46C370DCE28B67F235FB8040CC4','Активация кошелька (Удален)',NULL,NULL,NULL,NULL,NULL,NULL,NULL,NULL,NULL,NULL,NULL,NULL,NULL),(1053,'subTheme','SUBTHEME_DA3C58183D9ACB7F0FED2B6B5D1D2BC7','Перевод токенов',NULL,NULL,NULL,NULL,NULL,NULL,NULL,NULL,NULL,NULL,NULL,NULL,NULL),(1054,'subTheme','SUBTHEME_619CFCAF6DE0B64F93CAA49018B31504','Перевод токенов (Удалено)',NULL,NULL,NULL,NULL,NULL,NULL,NULL,NULL,NULL,NULL,NULL,NULL,NULL),(1055,'subTheme','SUBTHEME_413E4EC945A3469ECAD859158940075B','Правила закрытия ЦО',NULL,NULL,NULL,NULL,NULL,NULL,NULL,NULL,NULL,NULL,NULL,NULL,NULL),(1056,'subTheme','SUBTHEME_12F5CA7548EF1A8F39C774078C98DB6C','Прочие вопросы (Удален)',NULL,NULL,NULL,NULL,NULL,NULL,NULL,NULL,NULL,NULL,NULL,NULL,NULL),(1057,'subTheme','SUBTHEME_0E170BA61DEF3324FCB820A2B130088C','Информация о продукте',NULL,NULL,NULL,NULL,NULL,NULL,NULL,NULL,NULL,NULL,NULL,NULL,NULL),(1058,'subTheme','SUBTHEME_6F792EE331E4049D53526C03FB263F68','Контроль качества продукции',NULL,NULL,NULL,NULL,NULL,NULL,NULL,NULL,NULL,NULL,NULL,NULL,NULL),(1059,'subTheme','SUBTHEME_C7C0D970CB648D3890E7D3A2CC201FCD','Прочие вопросы',NULL,NULL,NULL,NULL,NULL,NULL,NULL,NULL,NULL,NULL,NULL,NULL,NULL),(1060,'subTheme','SUBTHEME_2EC8223DA3BEBD7CFAD11D2C5D3D9C8F','Прочие вопросы',NULL,NULL,NULL,NULL,NULL,NULL,NULL,NULL,NULL,NULL,NULL,NULL,NULL),(1061,'subTheme','SUBTHEME_9CA5B0156B518AAA4D0E60A7CA0C0103','Пожелания и предложения',NULL,NULL,NULL,NULL,NULL,NULL,NULL,NULL,NULL,NULL,NULL,NULL,NULL),(1062,'subTheme','SUBTHEME_5CF277DCDD41D768A2BD1F24774B69B3','Коррекция по бинару',NULL,NULL,NULL,NULL,NULL,NULL,NULL,NULL,NULL,NULL,NULL,NULL,NULL),(1063,'subTheme','SUBTHEME_910F8E887C9BA512B01250DD45630091','Коррекция Наставника',NULL,NULL,NULL,NULL,NULL,NULL,NULL,NULL,NULL,NULL,NULL,NULL,NULL),(1064,'subTheme','SUBTHEME_5CC08F359115878A29EEDF92F7BC983E','Коррекция бинарного статуса',NULL,NULL,NULL,NULL,NULL,NULL,NULL,NULL,NULL,NULL,NULL,NULL,NULL),(1065,'subTheme','SUBTHEME_4DD16ADD132244F57BC66ABFCA1305E1','Активация кошелька',NULL,NULL,NULL,NULL,NULL,NULL,NULL,NULL,NULL,NULL,NULL,NULL,NULL),(1066,'subTheme','SUBTHEME_52EF168A3AC0D58E551F76E8234E3D1B','Оплата заказа бонусами',NULL,NULL,NULL,NULL,NULL,NULL,NULL,NULL,NULL,NULL,NULL,NULL,NULL),(1067,'subTheme','SUBTHEME_0FF232205C0710902749B6FC2F301C2D','Перевод токенов',NULL,NULL,NULL,NULL,NULL,NULL,NULL,NULL,NULL,NULL,NULL,NULL,NULL),(1068,'subTheme','SUBTHEME_C65D153BED578AEF7A5B7E05EB747A87','Прочие вопросы',NULL,NULL,NULL,NULL,NULL,NULL,NULL,NULL,NULL,NULL,NULL,NULL,NULL),(1069,'subTheme','SUBTHEME_D72A61610286D0D1820288FAA3F80CF3','Заявка на вывод средств',NULL,NULL,NULL,NULL,NULL,NULL,NULL,NULL,NULL,NULL,NULL,NULL,NULL),(1070,'subTheme','SUBTHEME_5C2CC30A6269B71D6117AFA475DDCDBB','Пожелания и предложения',NULL,NULL,NULL,NULL,NULL,NULL,NULL,NULL,NULL,NULL,NULL,NULL,NULL),(1071,'subTheme','SUBTHEME_C83E8D95E79EE6DB112EE12075215B16','Прочие вопросы',NULL,NULL,NULL,NULL,NULL,NULL,NULL,NULL,NULL,NULL,NULL,NULL,NULL),(1072,'subTheme','SUBTHEME_26D74089311816D72B039813BACD550A','Пожелания и предложения',NULL,NULL,NULL,NULL,NULL,NULL,NULL,NULL,NULL,NULL,NULL,NULL,NULL),(1073,'subTheme','SUBTHEME_E8D38720F0985E59A801AE9EC5A6F5B9','Новая поставка',NULL,NULL,NULL,NULL,NULL,NULL,NULL,NULL,NULL,NULL,NULL,NULL,NULL),(1074,'subTheme','SUBTHEME_55C9F7D4F84BA4678EF050A2377D320B','Открытие Центра Обслуживания',NULL,NULL,NULL,NULL,NULL,NULL,NULL,NULL,NULL,NULL,NULL,NULL,NULL),(1075,'subTheme','SUBTHEME_E8451AB970B6D843A8F09907EE916D83','Помощь с доступом в личный кабинет',NULL,NULL,NULL,NULL,NULL,NULL,NULL,NULL,NULL,NULL,NULL,NULL,NULL),(1076,'subTheme','SUBTHEME_5DCD28031ECAD0A3A6ECB40E20DDC740','Прочие вопросы',NULL,NULL,NULL,NULL,NULL,NULL,NULL,NULL,NULL,NULL,NULL,NULL,NULL),(1077,'subTheme','SUBTHEME_79FB63476CBEE9690A2FB764223C4F8A','Пожелания и предложения',NULL,NULL,NULL,NULL,NULL,NULL,NULL,NULL,NULL,NULL,NULL,NULL,NULL),(1078,'subTheme','SUBTHEME_39E23B63EDFE90B2F1B28DB8451E6F8C','Наличие продукции',NULL,NULL,NULL,NULL,NULL,NULL,NULL,NULL,NULL,NULL,NULL,NULL,NULL),(1079,'subTheme','SUBTHEME_5BF159C7EC4D5FD9B2B7E9CA30CFA890','Заказ пришел не в том объёме',NULL,NULL,NULL,NULL,NULL,NULL,NULL,NULL,NULL,NULL,NULL,NULL,NULL),(1080,'subTheme','SUBTHEME_ADE0B28762E8D3D8F822E924AAFDA3D5','Прочие вопросы',NULL,NULL,NULL,NULL,NULL,NULL,NULL,NULL,NULL,NULL,NULL,NULL,NULL),(1081,'subTheme','SUBTHEME_6A5975DC922DF52135E566C6C2FC3ECF','Пожелания и предложения',NULL,NULL,NULL,NULL,NULL,NULL,NULL,NULL,NULL,NULL,NULL,NULL,NULL),(1082,'subTheme','SUBTHEME_4E768003D5FECAC537466AD1D8976EB0','Прочие вопросы',NULL,NULL,NULL,NULL,NULL,NULL,NULL,NULL,NULL,NULL,NULL,NULL,NULL),(1083,'subTheme','SUBTHEME_CA9DC0273E1D99FB825736ED91274234','Пожелания и предложения',NULL,NULL,NULL,NULL,NULL,NULL,NULL,NULL,NULL,NULL,NULL,NULL,NULL),(1084,'subTheme','SUBTHEME_BC7A1676C5670070CFC0B06C847A4F29','Начисление бонусов',NULL,NULL,NULL,NULL,NULL,NULL,NULL,NULL,NULL,NULL,NULL,NULL,NULL),(1085,'subTheme','SUBTHEME_51C290756B18B9030324C0A16F6F791C','Пожелания и предложения',NULL,NULL,NULL,NULL,NULL,NULL,NULL,NULL,NULL,NULL,NULL,NULL,NULL),(1086,'subTheme','SUBTHEME_0D8619FD2B30F0E3515813609AF3D3BC','Прочие вопросы',NULL,NULL,NULL,NULL,NULL,NULL,NULL,NULL,NULL,NULL,NULL,NULL,NULL),(1087,'subTheme','SUBTHEME_47861DFFB7891F422F2FC27C17DA2952','Заказ не получен',NULL,NULL,NULL,NULL,NULL,NULL,NULL,NULL,NULL,NULL,NULL,NULL,NULL),(1088,'subTheme','SUBTHEME_CE790FC60FF21B9F549F975C28F50C6B','Заказ пришел не в том объёме',NULL,NULL,NULL,NULL,NULL,NULL,NULL,NULL,NULL,NULL,NULL,NULL,NULL),(1089,'subTheme','SUBTHEME_A9E6A900E225B183AB6529303E83C66E','Контроль качества продукции',NULL,NULL,NULL,NULL,NULL,NULL,NULL,NULL,NULL,NULL,NULL,NULL,NULL),(1090,'subTheme','SUBTHEME_07CAAB2677A8201917D6670EAC771606','Договор',NULL,NULL,NULL,NULL,NULL,NULL,NULL,NULL,NULL,NULL,NULL,NULL,NULL),(1091,'subTheme','SUBTHEME_6820F2D92C1446147AB88BA58DBCF2B1','Контакты/Адрес',NULL,NULL,NULL,NULL,NULL,NULL,NULL,NULL,NULL,NULL,NULL,NULL,NULL),(1092,'subTheme','SUBTHEME_28D5809D8ADD922775FB37E2213D6BEE','Товарные лимиты',NULL,NULL,NULL,NULL,NULL,NULL,NULL,NULL,NULL,NULL,NULL,NULL,NULL),(1093,'subTheme','SUBTHEME_26EAC431B79AEB63570B992A431B745D','Поиск Информации',NULL,NULL,NULL,NULL,NULL,NULL,NULL,NULL,NULL,NULL,NULL,NULL,NULL),(1094,'subTheme','SUBTHEME_49B39FD809E7FD20D263E9D724A1C9C9','Пожелания и предложения',NULL,NULL,NULL,NULL,NULL,NULL,NULL,NULL,NULL,NULL,NULL,NULL,NULL),(1095,'subTheme','SUBTHEME_5B93BF32F60E0883F9CA644CE483CCC2','Прочие вопросы',NULL,NULL,NULL,NULL,NULL,NULL,NULL,NULL,NULL,NULL,NULL,NULL,NULL),(1096,'subTheme','SUBTHEME_6A95CF8C8360E1BD9836DA66757B8508','Прочие вопросы',NULL,NULL,NULL,NULL,NULL,NULL,NULL,NULL,NULL,NULL,NULL,NULL,NULL),(1097,'subTheme','SUBTHEME_EAB0480DF56FD7B498B9E1DD2A7630DC','Пожелания и предложения',NULL,NULL,NULL,NULL,NULL,NULL,NULL,NULL,NULL,NULL,NULL,NULL,NULL),(1098,'interface','INTERFACE_STROKE_CODE','Строковый код',NULL,NULL,NULL,NULL,NULL,NULL,NULL,NULL,NULL,NULL,NULL,NULL,NULL),(1099,'interface','INTERFACE_SAVE','Сохранить',NULL,NULL,NULL,NULL,NULL,NULL,NULL,NULL,NULL,NULL,NULL,NULL,NULL),(1100,'interface','INTERFACE_TRANSLATIONS_UPDATE','Переводы обновлены',NULL,NULL,NULL,NULL,NULL,NULL,NULL,NULL,NULL,NULL,NULL,NULL,NULL),(1101,'interface','INTERFACE_TRANSLATIONS_FULL','Таблица переводов успешно обновлена',NULL,NULL,NULL,NULL,NULL,NULL,NULL,NULL,NULL,NULL,NULL,NULL,NULL),(1102,'interface','INTERFACE_TRANSLATIONS_ERROR','Ошибка обновления переводов',NULL,NULL,NULL,NULL,NULL,NULL,NULL,NULL,NULL,NULL,NULL,NULL,NULL),(1103,'interface','INTERFACE_TRANSLATIONS_ERROR_FULL','При обновлении таблицы переводов произошла ошибка',NULL,NULL,NULL,NULL,NULL,NULL,NULL,NULL,NULL,NULL,NULL,NULL,NULL),(1107,'interface','INTERFACE_THEME_ID','Тема ID',NULL,NULL,NULL,NULL,NULL,NULL,NULL,NULL,NULL,NULL,NULL,NULL,NULL),(1108,'interface','INTERFACE_THEME_NAME','Название темы',NULL,NULL,NULL,NULL,NULL,NULL,NULL,NULL,NULL,NULL,NULL,NULL,NULL),(1109,'','','',NULL,NULL,NULL,NULL,NULL,NULL,NULL,NULL,NULL,NULL,NULL,NULL,NULL),(1110,'interface','INTERFACE_SHOW_DEACTIVE_THEME','Отображать неактивные темы',NULL,NULL,NULL,NULL,NULL,NULL,NULL,NULL,NULL,NULL,NULL,NULL,NULL),(1111,'interface','INTERFACE_APPLY_ORDER_CHANGE','Применить изменения порядка',NULL,NULL,NULL,NULL,NULL,NULL,NULL,NULL,NULL,NULL,NULL,NULL,NULL),(1112,'interface','INTERFACE_ORDER_CHANGE','Порядок обновлен',NULL,NULL,NULL,NULL,NULL,NULL,NULL,NULL,NULL,NULL,NULL,NULL,NULL),(1113,'interface','INTERFACE_ORDER_CHANGE_THEME','Порядок тем успешно обновлен',NULL,NULL,NULL,NULL,NULL,NULL,NULL,NULL,NULL,NULL,NULL,NULL,NULL),(1114,'interface','INTERFACE_ORDER_CHANGE_ERROR','Ошибка при смене порядка',NULL,NULL,NULL,NULL,NULL,NULL,NULL,NULL,NULL,NULL,NULL,NULL,NULL),(1115,'interface','INTERFACE_ORDER_CHANGE_ERROR_THEME','Порядок тем не был обновлен',NULL,NULL,NULL,NULL,NULL,NULL,NULL,NULL,NULL,NULL,NULL,NULL,NULL),(1116,'interface','INTERFACE_SUBTHEME_ID','Подтема ID',NULL,NULL,NULL,NULL,NULL,NULL,NULL,NULL,NULL,NULL,NULL,NULL,NULL),(1117,'interface','INTERFACE_SHOW_DEACTIVE_SUBTHEME','Отображать неактивные подтемы',NULL,NULL,NULL,NULL,NULL,NULL,NULL,NULL,NULL,NULL,NULL,NULL,NULL),(1118,'interface','INTERFACE_ORDER_CHANGE_SUBTHEME','Порядок подтем успешно обновлен',NULL,NULL,NULL,NULL,NULL,NULL,NULL,NULL,NULL,NULL,NULL,NULL,NULL),(1119,'interface','INTERFACE_ORDER_CHANGE_ERROR_SUBTHEME','Порядок подтем не был обновлен',NULL,NULL,NULL,NULL,NULL,NULL,NULL,NULL,NULL,NULL,NULL,NULL,NULL),(1128,'interface','INTERFACE_WEEK','Неделя',NULL,NULL,NULL,NULL,NULL,NULL,NULL,NULL,NULL,NULL,NULL,NULL,NULL),(1129,'interface','INTERFACE_MONTH','Месяц',NULL,NULL,NULL,NULL,NULL,NULL,NULL,NULL,NULL,NULL,NULL,NULL,NULL),(1130,'interface','INTERFACE_ALL_TIME','Все время',NULL,NULL,NULL,NULL,NULL,NULL,NULL,NULL,NULL,NULL,NULL,NULL,NULL),(1131,'interface','INTERFACE_NO_TIME','Нет времени',NULL,NULL,NULL,NULL,NULL,NULL,NULL,NULL,NULL,NULL,NULL,NULL,NULL),(1132,'interface','INTERFACE_H',' ч. ',NULL,NULL,NULL,NULL,NULL,NULL,NULL,NULL,NULL,NULL,NULL,NULL,NULL),(1133,'interface','INTERFACE_MIN',' мин. ',NULL,NULL,NULL,NULL,NULL,NULL,NULL,NULL,NULL,NULL,NULL,NULL,NULL),(1134,'interface','INTERFACE_SEC',' сек. ',NULL,NULL,NULL,NULL,NULL,NULL,NULL,NULL,NULL,NULL,NULL,NULL,NULL),(1135,'interface','INTERFACE_0SEC','0 сек. ',NULL,NULL,NULL,NULL,NULL,NULL,NULL,NULL,NULL,NULL,NULL,NULL,NULL),(1136,'interface','INTERFACE_POSITIVE','Положительные',NULL,NULL,NULL,NULL,NULL,NULL,NULL,NULL,NULL,NULL,NULL,NULL,NULL),(1137,'interface','INTERFACE_NEGATIVE','Отрацательные',NULL,NULL,NULL,NULL,NULL,NULL,NULL,NULL,NULL,NULL,NULL,NULL,NULL),(1138,'interface','INTERFACE_NOT_RATED','Неоцененные',NULL,NULL,NULL,NULL,NULL,NULL,NULL,NULL,NULL,NULL,NULL,NULL,NULL),(1139,'interface','INTERFACE_POSITIVE_REVIEW','Положительные отзывы',NULL,NULL,NULL,NULL,NULL,NULL,NULL,NULL,NULL,NULL,NULL,NULL,NULL),(1140,'interface','INTERFACE_AVG_REPLY_TIME','Средняя скорость ответа',NULL,NULL,NULL,NULL,NULL,NULL,NULL,NULL,NULL,NULL,NULL,NULL,NULL),(1141,'interface','INTERFACE_EFFICIENCY','Эффективность',NULL,NULL,NULL,NULL,NULL,NULL,NULL,NULL,NULL,NULL,NULL,NULL,NULL),(1142,'interface','INTERFACE_MY_STATS','Моя статистика',NULL,NULL,NULL,NULL,NULL,NULL,NULL,NULL,NULL,NULL,NULL,NULL,NULL),(1143,'interface','INTERFACE_AVG_VALUE','Среднее значение',NULL,NULL,NULL,NULL,NULL,NULL,NULL,NULL,NULL,NULL,NULL,NULL,NULL),(1144,'interface','INTERFACE_TOTAL_TICKETS','Всего тикетов',NULL,NULL,NULL,NULL,NULL,NULL,NULL,NULL,NULL,NULL,NULL,NULL,NULL),(1145,'interface','INTERFACE_NEW_TICKETS','Новых тикетов',NULL,NULL,NULL,NULL,NULL,NULL,NULL,NULL,NULL,NULL,NULL,NULL,NULL),(1146,'interface','INTERFACE_IN_PROGRESS_TICKETS','Тикеты в процессе',NULL,NULL,NULL,NULL,NULL,NULL,NULL,NULL,NULL,NULL,NULL,NULL,NULL),(1147,'interface','INTERFACE_ON_REVISION_TICKETS','Тикеты на уточнении',NULL,NULL,NULL,NULL,NULL,NULL,NULL,NULL,NULL,NULL,NULL,NULL,NULL),(1148,'interface','INTERFACE_ON_EXTENSION_TICKETS','Тикеты ожидающие дополнения',NULL,NULL,NULL,NULL,NULL,NULL,NULL,NULL,NULL,NULL,NULL,NULL,NULL),(1149,'interface','INTERFACE_ON_MENTOR_TICKETS','Тикеты с наставником',NULL,NULL,NULL,NULL,NULL,NULL,NULL,NULL,NULL,NULL,NULL,NULL,NULL),(1150,'interface','INTERFACE_CLOSED_TICKETS','Закрытых тикетов',NULL,NULL,NULL,NULL,NULL,NULL,NULL,NULL,NULL,NULL,NULL,NULL,NULL),(1151,'interface','INTERFACE_GENERAL_INFO','Общая информация',NULL,NULL,NULL,NULL,NULL,NULL,NULL,NULL,NULL,NULL,NULL,NULL,NULL),(1152,'interface','INTERFACE_CURATOR_LEVEL','Уровень куратора VERTERA',NULL,NULL,NULL,NULL,NULL,NULL,NULL,NULL,NULL,NULL,NULL,NULL,NULL),(1153,'interface','INTERFACE_STATS/AVG','Статистика моя/средняя',NULL,NULL,NULL,NULL,NULL,NULL,NULL,NULL,NULL,NULL,NULL,NULL,NULL),(1154,'interface','INTERFACE_STATS_LIKE/DISLIKE','Статистика лайки/дизлайки',NULL,NULL,NULL,NULL,NULL,NULL,NULL,NULL,NULL,NULL,NULL,NULL,NULL),(1155,'interface','INTERFACE_RATING_CURATOR','Рейтинг кураторов',NULL,NULL,NULL,NULL,NULL,NULL,NULL,NULL,NULL,NULL,NULL,NULL,NULL),(1156,'interface','INTERFACE_TIME_REPLY','По времени ответа',NULL,NULL,NULL,NULL,NULL,NULL,NULL,NULL,NULL,NULL,NULL,NULL,NULL),(1157,'interface','INTERFACE_AMOUNT_POSITIVE_REVIEW','По кол-ву положительных отвызов',NULL,NULL,NULL,NULL,NULL,NULL,NULL,NULL,NULL,NULL,NULL,NULL,NULL),(1158,'interface','INTERFACE_REVIEWS','отзыв(-ов)',NULL,NULL,NULL,NULL,NULL,NULL,NULL,NULL,NULL,NULL,NULL,NULL,NULL),(1160,'interface','INTERFACE_ERROR_OUTERAUTH','Ошибка авторизации',NULL,NULL,NULL,NULL,NULL,NULL,NULL,NULL,NULL,NULL,NULL,NULL,NULL),(1161,'interface','INTERFACE_PAGE_NOT_FOUND','Страница не найдена',NULL,NULL,NULL,NULL,NULL,NULL,NULL,NULL,NULL,NULL,NULL,NULL,NULL),(1162,'interface','INTERFACE_WRONG_ADDRESS','Неправильно набран адрес, или такая страница больше не существует.',NULL,NULL,NULL,NULL,NULL,NULL,NULL,NULL,NULL,NULL,NULL,NULL,NULL),(1163,'interface','INTERFACE_BACK_TO','Вернуться на',NULL,NULL,NULL,NULL,NULL,NULL,NULL,NULL,NULL,NULL,NULL,NULL,NULL),(1164,'interface','INTERFACE_HOME','главную',NULL,NULL,NULL,NULL,NULL,NULL,NULL,NULL,NULL,NULL,NULL,NULL,NULL),(1165,'interface','INTERFACE_TICKET_SYSTEM','Тикет Система',NULL,NULL,NULL,NULL,NULL,NULL,NULL,NULL,NULL,NULL,NULL,NULL,NULL),(1166,'interface','INTERFACE_VISIBILITY_ALL','Доступно всем',NULL,NULL,NULL,NULL,NULL,NULL,NULL,NULL,NULL,NULL,NULL,NULL,NULL),(1167,'interface','INTERFACE_VISIBILITY_CURATORS','Доступно кураторам',NULL,NULL,NULL,NULL,NULL,NULL,NULL,NULL,NULL,NULL,NULL,NULL,NULL),(1168,'interface','INTERFACE_VISIBILITY_NONE','Не доступно',NULL,NULL,NULL,NULL,NULL,NULL,NULL,NULL,NULL,NULL,NULL,NULL,NULL),(1169,'interface','INTERFACE_ENTER_UNIT','Укажите название раздела',NULL,NULL,NULL,NULL,NULL,NULL,NULL,NULL,NULL,NULL,NULL,NULL,NULL),(1170,'interface','INTERFACE_ERROR_UNIT_CHANGE','Ошибка при обработке раздела',NULL,NULL,NULL,NULL,NULL,NULL,NULL,NULL,NULL,NULL,NULL,NULL,NULL),(1171,'interface','INTERFACE_EDIT_UNIT','Редактировать раздел',NULL,NULL,NULL,NULL,NULL,NULL,NULL,NULL,NULL,NULL,NULL,NULL,NULL),(1172,'interface','INTERFACE_VISIBILITY','Отображение',NULL,NULL,NULL,NULL,NULL,NULL,NULL,NULL,NULL,NULL,NULL,NULL,NULL),(1173,'interface','INTERFACE_VISIBILITY_LEVEL','Уровень отображения',NULL,NULL,NULL,NULL,NULL,NULL,NULL,NULL,NULL,NULL,NULL,NULL,NULL),(1174,'interface','INTERFACE_UNIT_CHANGED','Раздел обновлен',NULL,NULL,NULL,NULL,NULL,NULL,NULL,NULL,NULL,NULL,NULL,NULL,NULL),(1175,'interface','INTERFACE_UNIT_CHANGED_FULL','Название раздела успешно обновлено',NULL,NULL,NULL,NULL,NULL,NULL,NULL,NULL,NULL,NULL,NULL,NULL,NULL),(1176,'interface','INTERFACE_ENTER_THEME','Укажите название темы',NULL,NULL,NULL,NULL,NULL,NULL,NULL,NULL,NULL,NULL,NULL,NULL,NULL),(1177,'interface','INTERFACE_ERROR_THEME_CHANGE','Ошибка при обработке темы',NULL,NULL,NULL,NULL,NULL,NULL,NULL,NULL,NULL,NULL,NULL,NULL,NULL),(1179,'interface','INTERFACE_ERROR_SUBTHEME_CHANGE','Ошибка при обработке подтемы',NULL,NULL,NULL,NULL,NULL,NULL,NULL,NULL,NULL,NULL,NULL,NULL,NULL),(1180,'interface','INTERFACE_EDIT_SUBTHEME','Редактировать подтему',NULL,NULL,NULL,NULL,NULL,NULL,NULL,NULL,NULL,NULL,NULL,NULL,NULL),(1181,'interface','INTERFACE_DEPARTMENT','Департамент',NULL,NULL,NULL,NULL,NULL,NULL,NULL,NULL,NULL,NULL,NULL,NULL,NULL),(1182,'interface','INTERFACE_THEME_CHANGED','Тема изменена',NULL,NULL,NULL,NULL,NULL,NULL,NULL,NULL,NULL,NULL,NULL,NULL,NULL),(1183,'interface','INTERFACE_THEME_CHANGED_FULL','Название темы успешно изменено',NULL,NULL,NULL,NULL,NULL,NULL,NULL,NULL,NULL,NULL,NULL,NULL,NULL),(1184,'interface','INTERFACE_SUBTHEME_CHANGED','Подтема обновлена',NULL,NULL,NULL,NULL,NULL,NULL,NULL,NULL,NULL,NULL,NULL,NULL,NULL),(1185,'interface','INTERFACE_SUBTHEME_CHANGED_FULL','Название подтемы успешно обновлено',NULL,NULL,NULL,NULL,NULL,NULL,NULL,NULL,NULL,NULL,NULL,NULL,NULL),(1190,'interface','INTERFACE_ENTER_BIRTHDAY','Укажите дату рождения',NULL,NULL,NULL,NULL,NULL,NULL,NULL,NULL,NULL,NULL,NULL,NULL,NULL),(1191,'interface','INTERFACE_ENTER_COUNTRY','Укажите страну',NULL,NULL,NULL,NULL,NULL,NULL,NULL,NULL,NULL,NULL,NULL,NULL,NULL),(1192,'interface','INTERFACE_ERROR_CURATOR_CHANGE','Ошибка при обработке куратора',NULL,NULL,NULL,NULL,NULL,NULL,NULL,NULL,NULL,NULL,NULL,NULL,NULL),(1193,'interface','INTERFACE_EDIT_CURATOR','Редактировать куратора',NULL,NULL,NULL,NULL,NULL,NULL,NULL,NULL,NULL,NULL,NULL,NULL,NULL),(1194,'interface','INTERFACE_PERMS_EDIT_CURATORS','Редактирование кураторов',NULL,NULL,NULL,NULL,NULL,NULL,NULL,NULL,NULL,NULL,NULL,NULL,NULL),(1195,'interface','INTERFACE_PERMS_EDIT_THEMES','Редактирование тем',NULL,NULL,NULL,NULL,NULL,NULL,NULL,NULL,NULL,NULL,NULL,NULL,NULL),(1196,'interface','INTERFACE_PERMS_EDIT_TRANSLATIONS','Редактирование переводов',NULL,NULL,NULL,NULL,NULL,NULL,NULL,NULL,NULL,NULL,NULL,NULL,NULL),(1197,'interface','INTERFACE_PERMS_SEND_MSG','Возможность отвечать на обращения',NULL,NULL,NULL,NULL,NULL,NULL,NULL,NULL,NULL,NULL,NULL,NULL,NULL),(1198,'interface','INTERFACE_DEACTIVE_CURATOR','Деактивировать куратора',NULL,NULL,NULL,NULL,NULL,NULL,NULL,NULL,NULL,NULL,NULL,NULL,NULL),(1199,'interface','INTERFACE_ACTIVATE_CURATOR','Активировать куратора',NULL,NULL,NULL,NULL,NULL,NULL,NULL,NULL,NULL,NULL,NULL,NULL,NULL),(1200,'interface','INTERFACE_CURATOR_CHANGED','Куратор обновлен',NULL,NULL,NULL,NULL,NULL,NULL,NULL,NULL,NULL,NULL,NULL,NULL,NULL),(1201,'interface','INTERFACE_CURATOR_CHANGED_FULL','Данные куратора успешно обновлены',NULL,NULL,NULL,NULL,NULL,NULL,NULL,NULL,NULL,NULL,NULL,NULL,NULL),(1202,'interface','INTERFACE_CURATOR_DEACTIVATED','Куратор деактивирован',NULL,NULL,NULL,NULL,NULL,NULL,NULL,NULL,NULL,NULL,NULL,NULL,NULL),(1203,'interface','INTERFACE_CURATOR_DEACTIVATED_FULL','Куратор успешно обновлен',NULL,NULL,NULL,NULL,NULL,NULL,NULL,NULL,NULL,NULL,NULL,NULL,NULL),(1204,'interface','INTERFACE_CURATOR_ACTIVATED','Куратор активирован',NULL,NULL,NULL,NULL,NULL,NULL,NULL,NULL,NULL,NULL,NULL,NULL,NULL),(1205,'interface','INTERFACE_CURATOR_ACTIVATED_FULL','Куратор успешно активирован',NULL,NULL,NULL,NULL,NULL,NULL,NULL,NULL,NULL,NULL,NULL,NULL,NULL),(1206,'interface','INTERFACE_WARNING','Предупреждение',NULL,NULL,NULL,NULL,NULL,NULL,NULL,NULL,NULL,NULL,NULL,NULL,NULL),(1207,'interface','INTERFACE_WARNING_DEACTIVATE_CURATOR','Вы уверены, что хотите деактивировать куратора?',NULL,NULL,NULL,NULL,NULL,NULL,NULL,NULL,NULL,NULL,NULL,NULL,NULL),(1208,'interface','INTERFACE_ENTER_COUNTRY_NAME','Укажите название страны',NULL,NULL,NULL,NULL,NULL,NULL,NULL,NULL,NULL,NULL,NULL,NULL,NULL),(1209,'interface','INTERFACE_ENTER_COUNTRY_CODE','Укажите код страны',NULL,NULL,NULL,NULL,NULL,NULL,NULL,NULL,NULL,NULL,NULL,NULL,NULL),(1210,'interface','INTERFACE_SELECT_LANG','Выберите язык',NULL,NULL,NULL,NULL,NULL,NULL,NULL,NULL,NULL,NULL,NULL,NULL,NULL),(1211,'interface','INTERFACE_ERROR_COUNTRY_CHANGE','Ошибка при изменении страны',NULL,NULL,NULL,NULL,NULL,NULL,NULL,NULL,NULL,NULL,NULL,NULL,NULL),(1212,'interface','INTERFACE_EDIT_COUNTRY','Редактировать страну',NULL,NULL,NULL,NULL,NULL,NULL,NULL,NULL,NULL,NULL,NULL,NULL,NULL),(1213,'interface','INTERFACE_COUNTRY_NAME','Название страны',NULL,NULL,NULL,NULL,NULL,NULL,NULL,NULL,NULL,NULL,NULL,NULL,NULL),(1215,'interface','INTERFACE_COUNTRY_CODE','Код страны',NULL,NULL,NULL,NULL,NULL,NULL,NULL,NULL,NULL,NULL,NULL,NULL,NULL),(1234,'interface','INTERFACE_LANGS','Языки',NULL,NULL,NULL,NULL,NULL,NULL,NULL,NULL,NULL,NULL,NULL,NULL,NULL),(1235,'interface','INTERFACE_SELECT_LANGS','Выберите языки',NULL,NULL,NULL,NULL,NULL,NULL,NULL,NULL,NULL,NULL,NULL,NULL,NULL),(1236,'interface','INTERFACE_DELETE_COUNTRY','Удалить страну',NULL,NULL,NULL,NULL,NULL,NULL,NULL,NULL,NULL,NULL,NULL,NULL,NULL),(1237,'interface','INTERFACE_COUNTRY_CHANGED','Страна обновлена',NULL,NULL,NULL,NULL,NULL,NULL,NULL,NULL,NULL,NULL,NULL,NULL,NULL),(1238,'interface','INTERFACE_COUNTRY_CHANGED_FULL','Страна успешно обновлена',NULL,NULL,NULL,NULL,NULL,NULL,NULL,NULL,NULL,NULL,NULL,NULL,NULL),(1239,'interface','INTERFACE_COUNTRY_DELETED','Страна удалена',NULL,NULL,NULL,NULL,NULL,NULL,NULL,NULL,NULL,NULL,NULL,NULL,NULL),(1240,'interface','INTERFACE_COUNTRY_DELETED_FULL','Страна успешно обновлена',NULL,NULL,NULL,NULL,NULL,NULL,NULL,NULL,NULL,NULL,NULL,NULL,NULL),(1241,'interface','INTERFACE_WARNING_DELETE_COUNTRY','Вы уверены, что хотите удалить страну?',NULL,NULL,NULL,NULL,NULL,NULL,NULL,NULL,NULL,NULL,NULL,NULL,NULL),(1242,'interface','INTERFACE_ENTER_DEPARTMENT_NAME','Введите название департамента',NULL,NULL,NULL,NULL,NULL,NULL,NULL,NULL,NULL,NULL,NULL,NULL,NULL),(1243,'interface','INTERFACE_ERROR_ADD_DEPARTMENT','Ошибка при добавлении департамента',NULL,NULL,NULL,NULL,NULL,NULL,NULL,NULL,NULL,NULL,NULL,NULL,NULL),(1244,'interface','INTERFACE_TITLE','Название',NULL,NULL,NULL,NULL,NULL,NULL,NULL,NULL,NULL,NULL,NULL,NULL,NULL),(1245,'interface','INTERFACE_ADD_DEPARTMENT','Добавить департамент',NULL,NULL,NULL,NULL,NULL,NULL,NULL,NULL,NULL,NULL,NULL,NULL,NULL),(1246,'interface','INTERFACE_ADD','Добавить',NULL,NULL,NULL,NULL,NULL,NULL,NULL,NULL,NULL,NULL,NULL,NULL,NULL),(1247,'interface','INTERFACE_WARNING_DELETE_DEPARTMENT','Вы уверены, что хотите удалить этот департамент?',NULL,NULL,NULL,NULL,NULL,NULL,NULL,NULL,NULL,NULL,NULL,NULL,NULL),(1248,'interface','INTERFACE_SHOW_DEACTIVE_CURATORS','Отображать неактивных кураторов',NULL,NULL,NULL,NULL,NULL,NULL,NULL,NULL,NULL,NULL,NULL,NULL,NULL),(1249,'interface','INTERFACE_ERROR_TICKET_CREATION','Невозможно отправить обращение',NULL,NULL,NULL,NULL,NULL,NULL,NULL,NULL,NULL,NULL,NULL,NULL,NULL),(1250,'interface','INTERFACE_ERROR_FILE_SIZE_EXEEDED','Размер файла не должен превышать 10 МБ',NULL,NULL,NULL,NULL,NULL,NULL,NULL,NULL,NULL,NULL,NULL,NULL,NULL),(1251,'interface','INTERFACE_RECEPIENTS','Получатели',NULL,NULL,NULL,NULL,NULL,NULL,NULL,NULL,NULL,NULL,NULL,NULL,NULL),(1252,'interface','INTERFACE_SELECT_CURATOR','Выбрать куратора',NULL,NULL,NULL,NULL,NULL,NULL,NULL,NULL,NULL,NULL,NULL,NULL,NULL),(1253,'interface','INTERFACE_INPUT_LIST','Вставить список',NULL,NULL,NULL,NULL,NULL,NULL,NULL,NULL,NULL,NULL,NULL,NULL,NULL),(1254,'interface','INTERFACE_EMPTY_SELECT','Нет доступных опций',NULL,NULL,NULL,NULL,NULL,NULL,NULL,NULL,NULL,NULL,NULL,NULL,NULL),(1255,'interface','INTERFACE_SUCCESSFUL_IMPORT','Успешный импорт',NULL,NULL,NULL,NULL,NULL,NULL,NULL,NULL,NULL,NULL,NULL,NULL,NULL),(1256,'interface','INTERFACE_IMPORTED','Импортировано записей:',NULL,NULL,NULL,NULL,NULL,NULL,NULL,NULL,NULL,NULL,NULL,NULL,NULL),(1257,'interface','INTERFACE_PARTLY_SUCCESSFUL_IMPORT','Частично успешный импорт',NULL,NULL,NULL,NULL,NULL,NULL,NULL,NULL,NULL,NULL,NULL,NULL,NULL),(1258,'interface','INTERFACE_FAILED_IMPORT','Не удалось импортировать',NULL,NULL,NULL,NULL,NULL,NULL,NULL,NULL,NULL,NULL,NULL,NULL,NULL),(1259,'interface','INTERFACE_EMPTY_FILE','Записей в файле не найдено',NULL,NULL,NULL,NULL,NULL,NULL,NULL,NULL,NULL,NULL,NULL,NULL,NULL),(1260,'interface','INTERFACE_CREATE_NOTIFICATION','Создать уведомление',NULL,NULL,NULL,NULL,NULL,NULL,NULL,NULL,NULL,NULL,NULL,NULL,NULL),(1261,'interface','INTERFACE_TICKETS_CREATED','Обращения созданы',NULL,NULL,NULL,NULL,NULL,NULL,NULL,NULL,NULL,NULL,NULL,NULL,NULL),(1262,'interface','INTERFACE_TICKETS_CREATED_FULL','Обращения успешно созданы и отправлены получателям',NULL,NULL,NULL,NULL,NULL,NULL,NULL,NULL,NULL,NULL,NULL,NULL,NULL),(1263,'interface','INTERFACE_TICKETS_CREATED_PARTLY','Обращения были созданы частично',NULL,NULL,NULL,NULL,NULL,NULL,NULL,NULL,NULL,NULL,NULL,NULL,NULL),(1264,'interface','INTERFACE_TICKETS_CREATED_PARTLY_FULL','Часть обращений успешно отправлена. Следующие ID не удалось найти:',NULL,NULL,NULL,NULL,NULL,NULL,NULL,NULL,NULL,NULL,NULL,NULL,NULL),(1265,'interface','INTERFACE_ENTER_LANG_CODE','Введите код языка',NULL,NULL,NULL,NULL,NULL,NULL,NULL,NULL,NULL,NULL,NULL,NULL,NULL),(1266,'interface','INTERFACE_ENTER_LANG_NAME','Введите название языка',NULL,NULL,NULL,NULL,NULL,NULL,NULL,NULL,NULL,NULL,NULL,NULL,NULL),(1267,'interface','INTERFACE_ERROR_NOT_UNIQUE_LANG','Введен уже существующий код или название языка',NULL,NULL,NULL,NULL,NULL,NULL,NULL,NULL,NULL,NULL,NULL,NULL,NULL),(1268,'interface','INTERFACE_ERROR_ADD_LANG','Ошибка при добавлении языка',NULL,NULL,NULL,NULL,NULL,NULL,NULL,NULL,NULL,NULL,NULL,NULL,NULL),(1269,'interface','INTERFACE_ENTER_CODE/NAME_LANG','Введите код или название языка',NULL,NULL,NULL,NULL,NULL,NULL,NULL,NULL,NULL,NULL,NULL,NULL,NULL),(1270,'interface','INTERFACE_ALL_COUNTRY','Все страны',NULL,NULL,NULL,NULL,NULL,NULL,NULL,NULL,NULL,NULL,NULL,NULL,NULL),(1271,'interface','INTERFACE_COUNTRIES','Страны',NULL,NULL,NULL,NULL,NULL,NULL,NULL,NULL,NULL,NULL,NULL,NULL,NULL),(1272,'interface','INTERFACE_CODE','Код',NULL,NULL,NULL,NULL,NULL,NULL,NULL,NULL,NULL,NULL,NULL,NULL,NULL),(1273,'interface','INTERFACE_ADD_COUNTRY','Добавить страну',NULL,NULL,NULL,NULL,NULL,NULL,NULL,NULL,NULL,NULL,NULL,NULL,NULL),(1274,'interface','INTERFACE_ADD_LANG','Добавить язык',NULL,NULL,NULL,NULL,NULL,NULL,NULL,NULL,NULL,NULL,NULL,NULL,NULL),(1275,'interface','INTERFACE_WARNING_DELETE_LANG','Вы уверены, что хотите удалить этот язык?',NULL,NULL,NULL,NULL,NULL,NULL,NULL,NULL,NULL,NULL,NULL,NULL,NULL),(1276,'interface','INTERFACE_ENTER_MSG_TEXT','Введите текст сообщения',NULL,NULL,NULL,NULL,NULL,NULL,NULL,NULL,NULL,NULL,NULL,NULL,NULL),(1277,'interface','INTERFACE_ERROR_MIN_SPLIT','Минимальное число деления тикетов: 2',NULL,NULL,NULL,NULL,NULL,NULL,NULL,NULL,NULL,NULL,NULL,NULL,NULL),(1278,'interface','INTERFACE_ENTER_NUMBER_SPLIT','Укажите число новых тикетов',NULL,NULL,NULL,NULL,NULL,NULL,NULL,NULL,NULL,NULL,NULL,NULL,NULL),(1279,'interface','INTERFACE_ENTER_NEW_TICKET_TITLE','Укажите заголовок нового тикета',NULL,NULL,NULL,NULL,NULL,NULL,NULL,NULL,NULL,NULL,NULL,NULL,NULL),(1280,'interface','INTERFACE_ENTER_NEW_TICKET_UNIT','Укажите раздел нового тикета',NULL,NULL,NULL,NULL,NULL,NULL,NULL,NULL,NULL,NULL,NULL,NULL,NULL),(1281,'interface','INTERFACE_ENTER_NEW_TICKET_THEME','Укажите тему нового тикета',NULL,NULL,NULL,NULL,NULL,NULL,NULL,NULL,NULL,NULL,NULL,NULL,NULL),(1282,'interface','INTERFACE_ENTER_NEW_TICKET_SUBTHEME','Укажите подтему нового тикета',NULL,NULL,NULL,NULL,NULL,NULL,NULL,NULL,NULL,NULL,NULL,NULL,NULL),(1283,'interface','INTERFACE_ENTER_NEW_TICKET_DESCRIBE_SITUATION','Опишите проблему нового тикета',NULL,NULL,NULL,NULL,NULL,NULL,NULL,NULL,NULL,NULL,NULL,NULL,NULL),(1284,'interface','INTERFACE_ERROR_SPLIT','Ошибка при разделении тикета',NULL,NULL,NULL,NULL,NULL,NULL,NULL,NULL,NULL,NULL,NULL,NULL,NULL),(1285,'interface','INTERFACE_SELECT_SUBTHEME','Выберите подтему',NULL,NULL,NULL,NULL,NULL,NULL,NULL,NULL,NULL,NULL,NULL,NULL,NULL),(1289,'interface','INTERFACE_ENTER_TITLE','Укажите заголовок обращения',NULL,NULL,NULL,NULL,NULL,NULL,NULL,NULL,NULL,NULL,NULL,NULL,NULL),(1290,'interface','INTERFACE_ERROR_EDIT_TICKET','Ошибка изменения данных тикета',NULL,NULL,NULL,NULL,NULL,NULL,NULL,NULL,NULL,NULL,NULL,NULL,NULL),(1291,'interface','INTERFACE_ENTER_MENTOR_ID','Укажите ID наставника',NULL,NULL,NULL,NULL,NULL,NULL,NULL,NULL,NULL,NULL,NULL,NULL,NULL),(1292,'interface','INTERFACE_ERROR_NEGATIVE_MENTOR_ID','ID наставника не может быть отрицательным',NULL,NULL,NULL,NULL,NULL,NULL,NULL,NULL,NULL,NULL,NULL,NULL,NULL),(1293,'interface','INTERFACE_ERROR_ADD_MENTOR','Ошибка при назначении наставника',NULL,NULL,NULL,NULL,NULL,NULL,NULL,NULL,NULL,NULL,NULL,NULL,NULL),(1294,'interface','INTERFACE_TICKET_OPENED','Открыто',NULL,NULL,NULL,NULL,NULL,NULL,NULL,NULL,NULL,NULL,NULL,NULL,NULL),(1295,'interface','INTERFACE_TICKET_CLOSED','Тикет закрыт',NULL,NULL,NULL,NULL,NULL,NULL,NULL,NULL,NULL,NULL,NULL,NULL,NULL),(1296,'interface','INTERFACE_CURATOR_DIALOG','Консультация с другим куратором',NULL,NULL,NULL,NULL,NULL,NULL,NULL,NULL,NULL,NULL,NULL,NULL,NULL),(1297,'interface','INTERFACE_CURATOR_DIALOG_END','Закончить диалог с куратором',NULL,NULL,NULL,NULL,NULL,NULL,NULL,NULL,NULL,NULL,NULL,NULL,NULL),(1298,'interface','INTERFACE_MENTOR_DIALOG_END','Вопрос решен',NULL,NULL,NULL,NULL,NULL,NULL,NULL,NULL,NULL,NULL,NULL,NULL,NULL),(1299,'interface','INTERFACE_OPEN_TICKET','Открыть тикет',NULL,NULL,NULL,NULL,NULL,NULL,NULL,NULL,NULL,NULL,NULL,NULL,NULL),(1300,'interface','INTERFACE_SEND_MENTOR','Отправить наставнику',NULL,NULL,NULL,NULL,NULL,NULL,NULL,NULL,NULL,NULL,NULL,NULL,NULL),(1303,'interface','INTERFACE_UNIT','Раздел',NULL,NULL,NULL,NULL,NULL,NULL,NULL,NULL,NULL,NULL,NULL,NULL,NULL),(1304,'interface','INTERFACE_APPLY_CHANGE','Применить изменения',NULL,NULL,NULL,NULL,NULL,NULL,NULL,NULL,NULL,NULL,NULL,NULL,NULL),(1307,'interface','INTERFACE_SELECT_CURATOR_DIALOG','Выберите куратора',NULL,NULL,NULL,NULL,NULL,NULL,NULL,NULL,NULL,NULL,NULL,NULL,NULL),(1308,'interface','INTERFACE_TICKET_SPLIT','Разделение тикета',NULL,NULL,NULL,NULL,NULL,NULL,NULL,NULL,NULL,NULL,NULL,NULL,NULL),(1309,'interface','INTERFACE_AMOUNT_NEW_TICKETS','Количество новых тикетов',NULL,NULL,NULL,NULL,NULL,NULL,NULL,NULL,NULL,NULL,NULL,NULL,NULL),(1310,'interface','INTERFACE_NEW_TICKET','Новый тикет',NULL,NULL,NULL,NULL,NULL,NULL,NULL,NULL,NULL,NULL,NULL,NULL,NULL),(1311,'interface','INTERFACE_TICKET_SPLITED','Обращение разделено',NULL,NULL,NULL,NULL,NULL,NULL,NULL,NULL,NULL,NULL,NULL,NULL,NULL),(1312,'interface','INTERFACE_TICKET_SPLITED_FULL','Тикет успешно разделен',NULL,NULL,NULL,NULL,NULL,NULL,NULL,NULL,NULL,NULL,NULL,NULL,NULL),(1313,'interface','INTERFACE_WARNING_CLOSE_TICKET','Вы уверены, что хотите закрыть это обращение?',NULL,NULL,NULL,NULL,NULL,NULL,NULL,NULL,NULL,NULL,NULL,NULL,NULL),(1314,'interface','INTERFACE_TICKET_CHANGED','Тикет обновлен',NULL,NULL,NULL,NULL,NULL,NULL,NULL,NULL,NULL,NULL,NULL,NULL,NULL),(1315,'interface','INTERFACE_TICKET_CHANGED_FULL','Данные тикета успешно обновлены',NULL,NULL,NULL,NULL,NULL,NULL,NULL,NULL,NULL,NULL,NULL,NULL,NULL),(1322,'interface','INTERFACE_ADD_CURATOR_DIALOG','Новый куратор добавлен',NULL,NULL,NULL,NULL,NULL,NULL,NULL,NULL,NULL,NULL,NULL,NULL,NULL),(1323,'interface','INTERFACE_ADD_CURATOR_DIALOG_FULL','Новый куратор успешно добавлен в чат',NULL,NULL,NULL,NULL,NULL,NULL,NULL,NULL,NULL,NULL,NULL,NULL,NULL),(1324,'interface','INTERFACE_ADD_MENTOR_DIALOG','Наставник добавлен',NULL,NULL,NULL,NULL,NULL,NULL,NULL,NULL,NULL,NULL,NULL,NULL,NULL),(1325,'interface','INTERFACE_ADD_MENTOR_DIALOG_FULL','Наставник успешно добавлен в чат',NULL,NULL,NULL,NULL,NULL,NULL,NULL,NULL,NULL,NULL,NULL,NULL,NULL),(1326,'interface','INTERFACE_ERROR_EDIT_TICKET_FULL','Во время изменения тикета произошла ошибка',NULL,NULL,NULL,NULL,NULL,NULL,NULL,NULL,NULL,NULL,NULL,NULL,NULL),(1327,'interface','INTERFACE_MSG_SEND','Сообщение отправлено',NULL,NULL,NULL,NULL,NULL,NULL,NULL,NULL,NULL,NULL,NULL,NULL,NULL),(1328,'interface','INTERFACE_MSG_SEND_FULL','Сообщение успешно отправлено',NULL,NULL,NULL,NULL,NULL,NULL,NULL,NULL,NULL,NULL,NULL,NULL,NULL),(1330,'interface','INTERFACE_SHOW_DEACTIVE_UNITS','Отображать неактивные разделы',NULL,NULL,NULL,NULL,NULL,NULL,NULL,NULL,NULL,NULL,NULL,NULL,NULL),(1331,'interface','INTERFACE_ADD_UNIT','Добавить раздел',NULL,NULL,NULL,NULL,NULL,NULL,NULL,NULL,NULL,NULL,NULL,NULL,NULL),(1332,'interface','INTERFACE_ORDER_CHANGE_UNIT',NULL,NULL,NULL,NULL,NULL,NULL,NULL,NULL,NULL,NULL,NULL,NULL,NULL,NULL),(1333,'interface','INTERFACE_ORDER_CHANGE_ERROR_UNIT',NULL,NULL,NULL,NULL,NULL,NULL,NULL,NULL,NULL,NULL,NULL,NULL,NULL,NULL),(1334,'interface','INTERFACE_PARTNER_ID','ID партнера',NULL,NULL,NULL,NULL,NULL,NULL,NULL,NULL,NULL,NULL,NULL,NULL,NULL),(1335,'interface','INTERFACE_AUTH_CURATOR','Авторизоваться как куратор',NULL,NULL,NULL,NULL,NULL,NULL,NULL,NULL,NULL,NULL,NULL,NULL,NULL),(1336,'interface','INTERFACE_ERROR_ADD_UNIT','Ошибка при добавлении раздела',NULL,NULL,NULL,NULL,NULL,NULL,NULL,NULL,NULL,NULL,NULL,NULL,NULL),(1337,'interface','INTERFACE_MESSAGE_UNIT_CREATION','Раздел создан',NULL,NULL,NULL,NULL,NULL,NULL,NULL,NULL,NULL,NULL,NULL,NULL,NULL),(1338,'interface','INTERFACE_MESSAGE_UNIT_CREATION_FULL','Новый раздел успешно создан',NULL,NULL,NULL,NULL,NULL,NULL,NULL,NULL,NULL,NULL,NULL,NULL,NULL),(1339,'interface','INTERFACE_ERROR_ADD_THEME','Ошибка при добавлении темы',NULL,NULL,NULL,NULL,NULL,NULL,NULL,NULL,NULL,NULL,NULL,NULL,NULL),(1340,'interface','INTERFACE_MESSAGE_THEME_CREATION','Тема создана',NULL,NULL,NULL,NULL,NULL,NULL,NULL,NULL,NULL,NULL,NULL,NULL,NULL),(1341,'interface','INTERFACE_MESSAGE_THEME_CREATION_FULL','Новая тема успешно создана',NULL,NULL,NULL,NULL,NULL,NULL,NULL,NULL,NULL,NULL,NULL,NULL,NULL),(1342,'interface','INTERFACE_ERROR_ADD_COUNTRY','Ошибка при добавлении страны',NULL,NULL,NULL,NULL,NULL,NULL,NULL,NULL,NULL,NULL,NULL,NULL,NULL),(1345,'interface','INTERFACE_MESSAGE_COUNTRY_ADDED','Страна добавлена',NULL,NULL,NULL,NULL,NULL,NULL,NULL,NULL,NULL,NULL,NULL,NULL,NULL),(1346,'interface','INTERFACE_MESSAGE_COUNTRY_ADDED_FULL','Страна успешно добавлена',NULL,NULL,NULL,NULL,NULL,NULL,NULL,NULL,NULL,NULL,NULL,NULL,NULL),(1347,'interface','INTERFACE_CONTINUE','Продолжить',NULL,NULL,NULL,NULL,NULL,NULL,NULL,NULL,NULL,NULL,NULL,NULL,NULL),(1348,'interface','INTERFACE_COUNTRIES_LANGS','Страны и языки',NULL,NULL,NULL,NULL,NULL,NULL,NULL,NULL,NULL,NULL,NULL,NULL,NULL),(1349,'interface','INTERFACE_CURRENT_PROGRESS','Прогресс текущего уровня',NULL,NULL,NULL,NULL,NULL,NULL,NULL,NULL,NULL,NULL,NULL,NULL,NULL),(1350,'interface','INTERFACE_TRANSLATION_ON','Перевод на',NULL,NULL,NULL,NULL,NULL,NULL,NULL,NULL,NULL,NULL,NULL,NULL,NULL),(1351,'interface','INTERFACE_MSG_DELETED','Сообщение удалено',NULL,NULL,NULL,NULL,NULL,NULL,NULL,NULL,NULL,NULL,NULL,NULL,NULL),(1352,'interface','INTERFACE_WARNING_DELETE_MSG','Вы уверены, что хотите удалить это сообщение?',NULL,NULL,NULL,NULL,NULL,NULL,NULL,NULL,NULL,NULL,NULL,NULL,NULL),(1353,'interface','INTERFACE_COUNTER','Счетчик',NULL,NULL,NULL,NULL,NULL,NULL,NULL,NULL,NULL,NULL,NULL,NULL,NULL),(1354,'interface','INTERFACE_COUNTER_ENABLED','Запущен',NULL,NULL,NULL,NULL,NULL,NULL,NULL,NULL,NULL,NULL,NULL,NULL,NULL),(1355,'interface','INTERFACE_COUNTER_DISABLED','Остановлен',NULL,NULL,NULL,NULL,NULL,NULL,NULL,NULL,NULL,NULL,NULL,NULL,NULL),(1356,'interface','INTERFACE_ASSISTANT','Уточняющий куратор',NULL,NULL,NULL,NULL,NULL,NULL,NULL,NULL,NULL,NULL,NULL,NULL,NULL),(1357,'interface','INTERFACE_ASSISTANT_MENTOR','Уточняющий наставник',NULL,NULL,NULL,NULL,NULL,NULL,NULL,NULL,NULL,NULL,NULL,NULL,NULL),(1358,'interface','INTERFACE_SHOW_LOGS','Показать историю',NULL,NULL,NULL,NULL,NULL,NULL,NULL,NULL,NULL,NULL,NULL,NULL,NULL),(1359,'interface','INTERFACE_HIDE_LOGS','Скрыть историю',NULL,NULL,NULL,NULL,NULL,NULL,NULL,NULL,NULL,NULL,NULL,NULL,NULL),(1360,'interface','INTERFACE_ROLE','Роль',NULL,NULL,NULL,NULL,NULL,NULL,NULL,NULL,NULL,NULL,NULL,NULL,NULL),(1361,'interface','INTERFACE_SYSTEM',NULL,NULL,NULL,NULL,NULL,NULL,NULL,NULL,NULL,NULL,NULL,NULL,NULL,NULL),(1362,'interface','INTERFACE_PARTNER','Партнер',NULL,NULL,NULL,NULL,NULL,NULL,NULL,NULL,NULL,NULL,NULL,NULL,NULL),(1364,'interface','INTERFACE_RATE_ANSWER','Оцените ответ',NULL,NULL,NULL,NULL,NULL,NULL,NULL,NULL,NULL,NULL,NULL,NULL,NULL),(1365,'interface','INTERFACE_RATED_ANSWER','Ответ оценен',NULL,NULL,NULL,NULL,NULL,NULL,NULL,NULL,NULL,NULL,NULL,NULL,NULL),(1366,'interface','INTERFACE_TICKET_RATING','Оценка тикета',NULL,NULL,NULL,NULL,NULL,NULL,NULL,NULL,NULL,NULL,NULL,NULL,NULL),(1367,'interface','INTERFACE_TICKET_NOT_RATED','Тикет еще не оценен',NULL,NULL,NULL,NULL,NULL,NULL,NULL,NULL,NULL,NULL,NULL,NULL,NULL);
/*!40000 ALTER TABLE `translations` ENABLE KEYS */;
UNLOCK TABLES;

--
-- Table structure for table `units`
--

DROP TABLE IF EXISTS `units`;
/*!40101 SET @saved_cs_client     = @@character_set_client */;
/*!50503 SET character_set_client = utf8mb4 */;
CREATE TABLE `units` (
  `id` int NOT NULL AUTO_INCREMENT,
  `nameCode` varchar(512) NOT NULL,
  `orderNum` smallint unsigned NOT NULL,
  `visibility` smallint NOT NULL DEFAULT '3',
  PRIMARY KEY (`id`),
  KEY `UnitToTranslation_idx` (`nameCode`),
  CONSTRAINT `UnitToTranslation` FOREIGN KEY (`nameCode`) REFERENCES `translations` (`code`) ON UPDATE CASCADE
) ENGINE=InnoDB AUTO_INCREMENT=5 DEFAULT CHARSET=utf8mb4 COLLATE=utf8mb4_0900_ai_ci;
/*!40101 SET character_set_client = @saved_cs_client */;

--
-- Dumping data for table `units`
--

LOCK TABLES `units` WRITE;
/*!40000 ALTER TABLE `units` DISABLE KEYS */;
INSERT INTO `units` VALUES (3,'UNIT_BD36D08CA319E1C6CFC8A481003CDB1E',1,1),(4,'UNIT_D0E8CA2112F89ECE0C49FFF52A06DD9C',2,1);
/*!40000 ALTER TABLE `units` ENABLE KEYS */;
UNLOCK TABLES;

--
-- Table structure for table `users`
--

DROP TABLE IF EXISTS `users`;
/*!40101 SET @saved_cs_client     = @@character_set_client */;
/*!50503 SET character_set_client = utf8mb4 */;
CREATE TABLE `users` (
  `id` int unsigned NOT NULL AUTO_INCREMENT,
  `outerId` int unsigned DEFAULT NULL,
  `name` varchar(255) NOT NULL,
  `surname` varchar(255) NOT NULL,
  `patronymic` varchar(255) DEFAULT NULL,
  `email` varchar(255) DEFAULT NULL,
  `role` varchar(255) NOT NULL,
  `countryId` int unsigned NOT NULL,
  `phone` varchar(45) DEFAULT NULL,
  `login` varchar(255) DEFAULT NULL,
  `password` varchar(512) DEFAULT NULL,
  `isActive` tinyint(1) NOT NULL DEFAULT '1',
  PRIMARY KEY (`id`),
  UNIQUE KEY `login_UNIQUE` (`login`),
  UNIQUE KEY `outerId_UNIQUE` (`outerId`)
) ENGINE=InnoDB AUTO_INCREMENT=105 DEFAULT CHARSET=utf8mb4 COLLATE=utf8mb4_0900_ai_ci;
/*!40101 SET character_set_client = @saved_cs_client */;

--
-- Dumping data for table `users`
--

LOCK TABLES `users` WRITE;
/*!40000 ALTER TABLE `users` DISABLE KEYS */;
INSERT INTO `users` VALUES (0,NULL,'VERTERA','Система',NULL,NULL,'system',1,'','admin','$2b$10$5tcDDduj5ceFaaivJ2XwVe99GOkPI7Doj/eppmZsCKcGeXc5TJurm',1),(66,NULL,'Ivanov','Konstantin',NULL,NULL,'helper',1,'+79100008044','Simba7X777','$2b$10$eiXtJm6MZPEM2KFTX.4BeOagRe8UaZQidQXq9kZ1wAUEuFE0ExhKW',1),(67,NULL,'Kondrashina','Yana',NULL,NULL,'helper',1,'+79301600038','DaffyD7777','$2b$10$Q2gqMDIgT/Tow8ollr.wf.gUDklU6E9.EYH0z8uFJE4BtGxJamcU2',1),(68,NULL,'Kurilova','Lolita',NULL,NULL,'helper',1,'+79301797921','Pluto23777','$2b$10$ohvSNRwXhTWLthGIukZBz.3x8ut.zQYjT6YiAVySSIzEzKwQjAvsC',0),(69,NULL,'Belyakova','Julia',NULL,NULL,'helper',1,'+79206849629','Sonic81754','$2b$10$IKt7nWhp7zUXeLg/frnVx.LjY7VsQZXWdpogmNGDuaEyhem4Iuolm',1),(70,NULL,'Zhigulev','Aleksey',NULL,NULL,'helper',1,'+79030646873','Shrek24777','$2b$10$sLtmurT0VLMKa5LuYHlfyuzzZLwu3trZcoSVrcvQSL8A.umj6Ntie',1),(71,NULL,'Zemlyakova','Natalya',NULL,NULL,'helper',1,'+79157084007','Bliznets2','$2b$10$xloVYp.a9md3t068M9rq.umYB0CSkBn46DDcWbJd8l7OULm4rZGee',1),(72,NULL,'Gavrilova','Alyona',NULL,NULL,'helper',1,'+79105364794','Tigger7777','$2b$10$E9MDoMHLp8MvKaNle6p/2O0sYCwjn4JB5CF/ddJhIdezjfPXo22Mm',1),(73,NULL,'Rudneva','Irina',NULL,NULL,'helper',1,'+79040172363','Happy765','$2b$10$wOWsNM6zpBAMo3DK6Txj7Oh5WnyHCF.mu2HhGiIB1TKhg6cTHSBEG',1),(74,NULL,'Krasnoseltseva','Elizaveta',NULL,NULL,'helper',1,'79108452835','DoryNory','$2b$10$um9t9CcbSZ7ttMBmK7qAoeWAwc4HhQ8UQWOGPt252U8zFVyUj6ChW',1),(75,NULL,'Naurova','Tatiana',NULL,NULL,'helper',1,'+79610163131','Lucky_999','$2b$10$1z1edROvn3.G2o3H2UUBbuhv2wnt6yCC6ikaqpqvT4SMKfFzfXr0u',1),(76,NULL,'Goncharova','Anastasia',NULL,NULL,'helper',1,'+79066522024','Genie57777','$2b$10$UVBFbLDNLzloUkkXNWdVW.d2TGAKoxieuserJz0YFUvPjghQ7AAM2',1),(77,300265,'Яна','Бахольская','Александровна','kafeta.tata@mail.ru','client',1,'+79157084007',NULL,NULL,1),(79,227003,'Иван','Иванов','Наурова тест','1234567@yandex.ru','client',1,'+79610163131',NULL,NULL,1),(80,NULL,'test','test',NULL,NULL,'client',1,NULL,'test','$2b$10$cluEoylUwc8Nxy7kc/d9.u76WlHZEThF1WPOL1ypVC3CNuTbraJIu',1),(81,NULL,'test123','test123',NULL,NULL,'helper',1,'86754345434','login123','$2b$10$XbDMBSDi.JnSiqYAxTgKMusmrwauyc9j0SLcBYzWNod1dsUAXhA4a',0),(82,NULL,'test123123','test123213',NULL,NULL,'helper',2,'89573724365','test123','$2b$10$tDZ.2IqiNHcchB/CyNq2IOU.jaRQ1c7oWdQYRWSIXzT/iD8/mR0eK',0),(83,NULL,'Sharova','Maria',NULL,NULL,'helper',1,'+79201848427','BuzzL18777','$2b$10$5mpfu38lENfKw.iuoeBOy.Oh05JwXcxrFxSill9GTNjEfeQ80PQWG',1),(84,NULL,'Nilova','Valeria',NULL,NULL,'helper',1,'+79201848427','OliveO9777','$2b$10$F.Tne2x0zereazAmCKljvOd4BrM4ZhlW/pxzNqJlsGfcjg2i.D1D.',1),(85,NULL,'Vinogradova','Elena',NULL,NULL,'helper',1,'+79201708524','Smurfy1777','$2b$10$SFyUVGLjw/M.eOEBKSHnwOeIdD1QOkN62oudsSkhI6k3ZdAyNXcfG',1),(86,NULL,'Dejhanov','Ruslan',NULL,NULL,'helper',1,'71237778888','NemoB12777','$2b$10$BvT6sW/a0ONAe5.U2x2S1efHOM0xgNPwefx5FPKkLzJBo1Cgs3C6i',1),(87,NULL,'Mahenkov','Aleksandr',NULL,NULL,'helper',1,'71237778888','FelixX1777','$2b$10$LIF6I.E1WpiSqElSg9vupeSXdWHw44dZQzZ15cvFDpFiXLo7./nlm',1),(88,NULL,'Rossijskaya','Ekaterina',NULL,NULL,'helper',1,'+71237778888','BambiZ7777','$2b$10$6gHLL/YvIALiCXIu4NnBN.4B34gh8UyMdB2uujkLtxGc8KIS7/vii',1),(89,NULL,'Rabec','Evgenij',NULL,NULL,'helper',1,'+71237778888','777Goofy14','$2b$10$85s1SAioq8wVaE7VxeDa0.mkqEeaIaNcF0twZbqYdUg10vbqoOf1u',1),(90,NULL,'Bykova','Elena',NULL,NULL,'helper',1,'+71237778888','BoP777eep7','$2b$10$.Fg45Ed0p5Mt2yt6aog4D.1yosJxPdhJ/pZTRRUpViG9xcAK3R602',1),(91,NULL,'Ermanov','Aleksandr',NULL,NULL,'helper',1,'+71237778888','Scoеby7771','$2b$10$tdbzUlDm.Kqiupx..cZfZ.8QZFf3X.YxcP1XdWfO7Q0Hza8dzgddy',1),(92,NULL,'Tehnolog','Proizvodstvo',NULL,NULL,'helper',1,'+71237778888','WallyJ1777','$2b$10$PWNBbFTvlfuOlulq9gmrt.0xFn2N7.skWMNv6Nf9bwIIPfj2TqtdC',1),(93,NULL,'Kulikova','Anastasiya',NULL,NULL,'helper',1,'+71237778888','Pumba95777','$2b$10$rdbz3Rd9nFSr9t54DB7wQejH1F564/DAg3kc5Bzc.78/50ruYaQia',0),(94,NULL,'Osipova','Evgeniya',NULL,NULL,'helper',1,'+71237778888','ScoobyD777','$2b$10$HAeVwAf9WlvjiSkOcfeUS.bcbXG1CfsbIaFJaY7l9tb8iuBc8TH6y',1),(95,NULL,'Kabluchkova','Yuliya',NULL,NULL,'helper',1,'+71237778888','Yoshi88777','$2b$10$OZi0cVSdaqs6o9fU0scC2O5CglbkUd0AY5pfq5.LnP.N427NvuH0u',1),(96,NULL,'Gorcevich','Svetlana',NULL,NULL,'helper',1,'+71237778888','Pluto12777','$2b$10$ZcLl3GIdH.vmv96zi8CZjOLFDvJKgqox9NIlW7eKI29t22x92QV32',1),(97,NULL,'Vershinin','Vladimir',NULL,NULL,'helper',1,'+71237778888','Boberkurva7','$2b$10$tJGtgsQWXsHhOwHvCcyQLe9RJAg9p40diu4aza.gygeYP87PIAQyi',1),(98,NULL,'Turdaliev','Efim',NULL,NULL,'helper',1,'+71237778888','vitceefim777','$2b$10$sR7tih78bb2YP2fKzru62OtyrUA49pEt2tq8iKbplZdUYMKOvnqsK',1),(99,NULL,'Kulikova','Anastasiya',NULL,NULL,'helper',1,'+71237778888','Zumba95777','$2b$10$nZzRxIJ/PK1Hx3KCgkzTk.tyus1lbPT0MBjN2P7NOeNRSOw41FZPW',1),(101,NULL,'Kurilova','Lolita',NULL,NULL,'helper',1,'+79301797921','Pluto23776','$2b$10$u9KnpC3i7PAwCZ/ml8PX0.7QlXKVK21nOTMzYHaW4b1DAYlk0UCfa',1),(102,479492,'Анастасия','Карнаух',NULL,'nastenka.karnauh@bk.ru','client',1,'+79284373338',NULL,NULL,1),(103,489282,'болгария','тест 2','болгария','anshugay18@yandex.ru','client',1,'+359876404495',NULL,NULL,1),(104,6254,'Михаил и Екатерина Савченко','Каменев','и','foreververtera@gmail.com','client',1,'+79030000184',NULL,NULL,1);
/*!40000 ALTER TABLE `users` ENABLE KEYS */;
UNLOCK TABLES;
/*!40103 SET TIME_ZONE=@OLD_TIME_ZONE */;

/*!40101 SET SQL_MODE=@OLD_SQL_MODE */;
/*!40014 SET FOREIGN_KEY_CHECKS=@OLD_FOREIGN_KEY_CHECKS */;
/*!40014 SET UNIQUE_CHECKS=@OLD_UNIQUE_CHECKS */;
/*!40101 SET CHARACTER_SET_CLIENT=@OLD_CHARACTER_SET_CLIENT */;
/*!40101 SET CHARACTER_SET_RESULTS=@OLD_CHARACTER_SET_RESULTS */;
/*!40101 SET COLLATION_CONNECTION=@OLD_COLLATION_CONNECTION */;
/*!40111 SET SQL_NOTES=@OLD_SQL_NOTES */;

-- Dump completed on 2024-05-29 11:25:28
